Workbook

Sheet README
A1: Subsystem B — Reservoir and service performance calculation tool
A3: Purpose | B3: Calculate Subsystem B indicators directly from monthly reservoir simulation outputs.
A4: Populated period | B4: 2016–2025.
A5: Future extension | B5: The layout and formula ranges are prepared for 30-year horizons; paste additional monthly simulations and copy formulas down if needed.
A6: Scenario handling | B6: All reservoir simulation scenarios are retained. The dashboard highlights the ensemble-mean scenario and reports scenario ranges.
A7: Calendar-year handling | B7: Calendar years were derived from the chronological month sequence to avoid blank/intermittent year labels in the source sheets.
A8: Colour code | B8: Yellow = input/simulation data; grey = calculations; blue = outputs; purple = dashboard score; green/orange/red = quality checks.
A9: Paste period/scenario results | B9: Sheet EXPORT_CIS, yellow cells B6:I12.
A10: Paste annual results | B10: Sheet ANNUAL_DATA, yellow cells A4:Q203.
A11: Do not paste formulas | B11: Paste values only, unless you intentionally want to retain formulas from the original workbook.
A12: Four GIR variants | B12: Keep the four complete GIR variants as separate rows. Do not combine minima and maxima from different variants.
A13: Central estimate | B13: The ensemble mean is calculated automatically from the four GIR variants.
A14: Transition year | B14: 2021 should remain identifiable and excluded later from pre-/post-expansion means.
A15: Colour convention | B15: Dark blue = headings; yellow = editable/paste cells; grey = formulas or reference cells; white = outputs.

Sheet CONTROL_PANEL
A1: Control panel
A2: Parameter | B2: Value | C2: Unit/option | D2: Notes
A3: Case study | B3: Minutos Collective Irrigation System
A4: Subsystem | B4: B — Reservoir and service performance
A5: Basin area | B5: 94900
A6: Assessment start year | B6: 2016 | C6: year | D6: Editable
A7: Assessment end year | B7: 2025 | C7: year | D7: Editable
A8: Maximum prepared period | B8: 30 | C8: years | D8: The tool is structured for 30-year horizons.
A9: Main scenario for reporting | B9: Ensemble mean | D9: Dashboard highlights this scenario.
A10: Full storage capcity | B10: 264 | C10: m
A11: Net reservoir capacity | B11: 50000000 | C11: m³ | D11: Used for storage ratio.
A12: Minimum operating level | B12: 235 | C12: m
A13: Minimum operating level storage | B13: 2100000 | C13: m³ | D13: Diagnostic only.
A14: Environmental flow setting | B14: 0.07 | C14: fraction of inflow | D14: Current simulations include 7% environmental flow.
A15: Use scenario mean in dashboard | B15: Yes | D15: Scenario uncertainty is retained separately.

Sheet B_METHOD
A1: Subsystem B methodology
A3: ID | B3: Indicator | C3: Equation implemented in the workbook | D3: Unit | E3: Orientation | F3: Interpretation | G3: References
A4: B1 | B4: Time-based supply reliability | C4: 1 - (number of failure months / number of assessed months) | D4: - | E4: Positive | F4: Frequency with which demand at the source is fully satisfied. | G4: Hashimoto et al. (1982); Palop-Donat et al. (2020)
A5: B2 | B5: Volumetric supply reliability | C5: Σ supplied volume / Σ demand at source | D5: - | E5: Positive | F5: Proportion of total irrigation demand effectively supplied.
A6: B3 | B6: Mean relative deficit performance | C6: 1 - mean(service deficit / demand) during failure months | D6: - | E6: Positive | F6: Severity-adjusted service performance during failure months. | G6: Granados et al. (2021)
A7: B4 | B7: Recovery after failure | C7: Transitions from failure to satisfactory service / failure months with a following month | D7: - | E7: Positive | F7: Capacity to return to satisfactory service after failure. | G7: McMahon et al. (2006); Palop-Donat et al. (2020)
A8: B5 | B8: Spill–shortage coexistence | C8: 1 if annual spill > 0 and annual service deficit > 0; 0 otherwise | D8: - | E8: Negative | F8: Identifies years in which spill and irrigation shortage occur in the same year. | G8: Di Baldassarre et al. (2018); McMahon et al. (2007)

Sheet DATA_DICTIONARY
A1: Data dictionary
A3: Sheet | B3: Variable | C3: Description | D3: Unit | E3: Source | F3: Notes
A4: B_INPUT_RESERVOIR | B4: Demand at source | C4: Monthly irrigation demand at source/reservoir control point | D4: m³ | E4: SB_CAL_IND.xlsx BE sheets | F4: Used as D_t.
A5: B_INPUT_RESERVOIR | B5: Service deficit source | C5: Unmet irrigation demand from reservoir simulation | D5: m³ | E5: SB_CAL_IND.xlsx BE sheets | F5: Used as SD_t.
A6: B_INPUT_RESERVOIR | B6: Supplied volume | C6: Demand at source minus service deficit | D6: m³ | E6: Calculated | F6: Used as Sup_t.
A7: B_INPUT_RESERVOIR | B7: Failure state | C7: 1 if service deficit > 0; otherwise 0 | D7: - | E7: Calculated | F7: Used for B1 and B4.
A8: B_INPUT_RESERVOIR | B8: Spill | C8: Monthly spilled/discharged volume | D8: m³ | E8: SB_CAL_IND.xlsx BE sheets | F8: Used for B5.
A9: B_CALC_ANNUAL | B9: B1 Rt | C9: Annual time-based supply reliability | D9: - | E9: Calculated | F9: Higher is better.
A10: B_CALC_ANNUAL | B10: B2 Rv | C10: Annual volumetric supply reliability | D10: - | E10: Calculated | F10: Higher is better.
A11: B_CALC_ANNUAL | B11: B3 | C11: One minus mean relative deficit during failure months | D11: - | E11: Calculated | F11: Higher is better.
A12: B_CALC_ANNUAL | B12: B4 | C12: Recovery after failure | D12: - | E12: Calculated | F12: Higher is better.
A13: B_CALC_ANNUAL | B13: B5 SSC flag | C13: Annual spill–shortage coexistence | D13: - | E13: Calculated | F13: Lower is better.

Sheet DATA_INPUT
A1: Monthly reservoir simulation input data
K3: Irrigation ensemble
A4: Hydrological Year | B4: Month | C4: P | D4: ETo | E4: Ke | F4: Kpan | G4: Er | H4: ED | I4: Inflow (mm) | K4: GIR50%ISW_EF_H | L4: GIR50%ISW_EF_L | M4: EnsMean_Source_m3 | N4: GIR90%ISW_EF_H | O4: GIR90%ISW_EF_L
A5: 2015 | B5: 10 | C5: 69 | D5: 69.845625 | E5: 1.1629439 | F5: 0.7 | G5: =D5*E5 -> 81.226542 | H5: =F5*D5*E5 -> 56.85858 | I5: 0 | K5: 0 | L5: 0 | M5: 0 | N5: 0 | O5: 0
A6: 2015 | B6: 11 | C6: 17 | D6: 49.99075 | E6: 1.0906947 | F6: 0.7 | G6: =D6*E6 -> 54.524646 | H6: =F6*D6*E6 -> 38.167252 | I6: 0 | K6: 0 | L6: 0 | M6: 0 | N6: 0 | O6: 0
A7: 2015 | B7: 12 | C7: 31.405769 | D7: 37.998625 | E7: 0.92428785 | F7: 0.6 | G7: =D7*E7 -> 35.121668 | H7: =F7*D7*E7 -> 21.073001 | I7: 0.68814698 | K7: 0 | L7: 0 | M7: 0 | N7: 0 | O7: 0
A8: 2016 | B8: 1 | C8: 103 | D8: 35.454218 | E8: 0.82346133 | F8: 0.6 | G8: =D8*E8 -> 29.195178 | H8: =F8*D8*E8 -> 17.517107 | I8: 1.6752078 | K8: 0 | L8: 0 | M8: 0 | N8: 0 | O8: 0
A9: 2016 | B9: 2 | C9: 72 | D9: 45.375886 | E9: 0.83040998 | F9: 0.6 | G9: =D9*E9 -> 37.680589 | H9: =F9*D9*E9 -> 22.608353 | I9: 0.78460202 | K9: 0 | L9: 0 | M9: 0 | N9: 0 | O9: 0
A10: 2016 | B10: 3 | C10: 29 | D10: 74.441098 | E10: 0.86832081 | F10: 0.6 | G10: =D10*E10 -> 64.638754 | H10: =F10*D10*E10 -> 38.783253 | I10: 5.8924163 | K10: 0 | L10: 0 | M10: 0 | N10: 0 | O10: 0
A11: 2016 | B11: 4 | C11: 110 | D11: 100.07134 | E11: 0.97263527 | F11: 0.7 | G11: =D11*E11 -> 97.332911 | H11: =F11*D11*E11 -> 68.133038 | I11: 8.0845783 | K11: 25674.231 | L11: 32339.153 | M11: 21896.076 | N11: 13785.315 | O11: 15785.605
A12: 2016 | B12: 5 | C12: 110 | D12: 124.57491 | E12: 0.95871846 | F12: 0.7 | G12: =D12*E12 -> 119.43227 | H12: =F12*D12*E12 -> 83.602588 | I12: 2.7629512 | K12: 90918.576 | L12: 115730.36 | M12: 66127.399 | N12: 27068.123 | O12: 30792.539
A13: 2016 | B13: 6 | C13: 0.22064 | D13: 171.37315 | E13: 1.2091047 | F13: 0.8 | G13: =D13*E13 -> 207.20808 | H13: =F13*D13*E13 -> 165.76647 | I13: 0.41207547 | K13: 883210.26 | L13: 1124425.4 | M13: 909970.22 | N13: 759905.43 | O13: 872339.75
A14: 2016 | B14: 7 | C14: 6.2333333 | D14: 197.24617 | E14: 1.3003334 | F14: 0.8 | G14: =D14*E14 -> 256.48578 | H14: =F14*D14*E14 -> 205.18863 | I14: 0.057050426 | K14: 1549942.8 | L14: 1973736 | M14: 1708167.8 | N14: 1539770.4 | O14: 1769222
A15: 2016 | B15: 8 | C15: 0 | D15: 185.0881 | E15: 1.3823064 | F15: 0.8 | G15: =D15*E15 -> 255.84847 | H15: =F15*D15*E15 -> 204.67878 | I15: 0.0078148416 | K15: 1861619.5 | L15: 2372617.4 | M15: 2090837.8 | N15: 1920375.5 | O15: 2208738.8
A16: 2016 | B16: 9 | C16: 13.359717 | D16: 132.4592 | E16: 1.3453601 | F16: 0.8 | G16: =D16*E16 -> 178.20532 | H16: =F16*D16*E16 -> 142.56426 | I16: 0.0011655307 | K16: 758226.86 | L16: 966543.29 | M16: 847085.62 | N16: 773626.65 | O16: 889945.68
A17: 2016 | B17: 10 | C17: 54.578554 | D17: 80.354556 | E17: =E5 -> 1.1629439 | F17: =F5 -> 0.7 | G17: =D17*E17 -> 93.447839 | H17: =F17*D17*E17 -> 65.413487 | I17: 0.00015965592 | K17: 245121.5 | L17: 312876.66 | M17: 278313.41 | N17: 258022.63 | O17: 297232.83
A18: 2016 | B18: 11 | C18: 83.318394 | D18: 42.190475 | E18: =E6 -> 1.0906947 | F18: =F6 -> 0.7 | G18: =D18*E18 -> 46.016928 | H18: =F18*D18*E18 -> 32.21185 | I18: 2.3811599e-05 | K18: 0 | L18: 0 | M18: 0 | N18: 0 | O18: 0
A19: 2016 | B19: 12 | C19: 64.09792 | D19: 37.081212 | E19: =E7 -> 0.92428785 | F19: =F7 -> 0.6 | G19: =D19*E19 -> 34.273713 | H19: =F19*D19*E19 -> 20.564228 | I19: 3.2966337e-06 | K19: 0 | L19: 0 | M19: 0 | N19: 0 | O19: 0
A20: 2017 | B20: 1 | C20: 45.218339 | D20: 37.930146 | E20: =E8 -> 0.82346133 | F20: =F8 -> 0.6 | G20: =D20*E20 -> 31.234008 | H20: =F20*D20*E20 -> 18.740405 | I20: 0.086231951 | K20: 0 | L20: 0 | M20: 0 | N20: 0 | O20: 0
A21: 2017 | B21: 2 | C21: 57.644633 | D21: 48.392921 | E21: =E9 -> 0.83040998 | F21: =F9 -> 0.6 | G21: =D21*E21 -> 40.185964 | H21: =F21*D21*E21 -> 24.111579 | I21: 3.7172527 | K21: 0 | L21: 0 | M21: 0 | N21: 0 | O21: 0
A22: 2017 | B22: 3 | C22: 78.925723 | D22: 83.353616 | E22: =E10 -> 0.86832081 | F22: =F10 -> 0.6 | G22: =D22*E22 -> 72.377679 | H22: =F22*D22*E22 -> 43.426608 | I22: 1.7023756 | K22: 0 | L22: 0 | M22: 0 | N22: 0 | O22: 0
A23: 2017 | B23: 4 | C23: 1.9115987 | D23: 130.60478 | E23: =E11 -> 0.97263527 | F23: =F11 -> 0.7 | G23: =D23*E23 -> 127.03082 | H23: =F23*D23*E23 -> 88.921573 | I23: 0.25389779 | K23: 375420.44 | L23: 479261.34 | M23: 241751.85 | N23: 52312.997 | O23: 60012.626
A24: 2017 | B24: 5 | C24: 49.441998 | D24: 163.28744 | E24: =E12 -> 0.95871846 | F24: =F12 -> 0.7 | G24: =D24*E24 -> 156.54668 | H24: =F24*D24*E24 -> 109.58268 | I24: 0.03477925 | K24: 217709.02 | L24: 276912.66 | M24: 211465.59 | N24: 163660.57 | O24: 187580.12
A25: 2017 | B25: 6 | C25: 9.4666667 | D25: 193.06562 | E25: =E13 -> 1.2091047 | F25: =F13 -> 0.8 | G25: =D25*E25 -> 233.43655 | H25: =F25*D25*E25 -> 186.74924 | I25: 0.0051870898 | K25: 1084457.4 | L25: 1381067.5 | M25: 1165726.1 | N25: 1022433.9 | O25: 1174945.5
A26: 2017 | B26: 7 | C26: 0 | D26: 199.55806 | E26: =E14 -> 1.3003334 | F26: =F14 -> 0.8 | G26: =D26*E26 -> 259.49202 | H26: =F26*D26*E26 -> 207.59361 | I26: 0.00071813467 | K26: 1908588.9 | L26: 2431776.9 | M26: 2136483.9 | N26: 1956241 | O26: 2249329
A27: 2017 | B27: 8 | C27: 14.699363 | D27: 181.81743 | E27: =E15 -> 1.3823064 | F27: =F15 -> 0.8 | G27: =D27*E27 -> 251.3274 | H27: =F27*D27*E27 -> 201.06192 | I27: 9.8371023e-05 | K27: 1247883.4 | L27: 1588730.7 | M27: 1403083.9 | N27: 1291677.9 | O27: 1484043.5
A28: 2017 | B28: 9 | C28: 0 | D28: 129.46044 | E28: =E16 -> 1.3453601 | F28: =F16 -> 0.8 | G28: =D28*E28 -> 174.17091 | H28: =F28*D28*E28 -> 139.33673 | I28: 1.4671372e-05 | K28: 742727.3 | L28: 946943.9 | M28: 833774.46 | N28: 765103.95 | O28: 880322.68
... A53: 2019 | B53: 10 | C53: 32.989572 | D53: 80.60755 | E53: =E41 -> 1.1629439 | F53: =F41 -> 0.7 | G53: =D53*E53 -> 93.742056 | H53: =F53*D53*E53 -> 65.61944 | I53: 1.4462547 | K53: 94180.21 | L53: 119869.59 | M53: 106681.13 | N53: 98978.03 | O53: 113696.7
A54: 2019 | B54: 11 | C54: 111.27085 | D54: 37.197868 | E54: =E42 -> 1.0906947 | F54: =F42 -> 0.7 | G54: =D54*E54 -> 40.571518 | H54: =F54*D54 -> 26.038508 | I54: 17.431581 | K54: 0 | L54: 0 | M54: 0 | N54: 0 | O54: 0
A55: 2019 | B55: 12 | C55: 113.75735 | D55: 32.633332 | E55: =E43 -> 0.92428785 | F55: =F43 -> 0.6 | G55: =D55*E55 -> 30.162592 | H55: =F55*D55 -> 19.579999 | I55: 13.102925 | K55: 0 | L55: 0 | M55: 0 | N55: 0 | O55: 0
A56: 2020 | B56: 1 | C56: 56.391435 | D56: 36.664914 | E56: =E44 -> 0.82346133 | F56: =F44 -> 0.6 | G56: =D56*E56 -> 30.192139 | H56: =F56*D56 -> 21.998948 | I56: 3.7777247 | K56: 0 | L56: 0 | M56: 0 | N56: 0 | O56: 0
A57: 2020 | B57: 2 | C57: 2.8041327 | D57: 57.800346 | E57: =E45 -> 0.83040998 | F57: =F45 -> 0.6 | G57: =D57*E57 -> 47.997984 | H57: =F57*D57 -> 34.680208 | I57: 0.62649629 | K57: 0 | L57: 0 | M57: 0 | N57: 0 | O57: 0
A58: 2020 | B58: 3 | C58: 51.564639 | D58: 80.051129 | E58: =E46 -> 0.86832081 | F58: =F46 -> 0.6 | G58: =D58*E58 -> 69.510061 | H58: =F58*D58 -> 48.030677 | I58: 5.6344814 | K58: 0 | L58: 0 | M58: 0 | N58: 0 | O58: 0
A59: 2020 | B59: 4 | C59: 105.49801 | D59: 96.231877 | E59: =E47 -> 0.97263527 | F59: =F47 -> 0.7 | G59: =D59*E59 -> 93.598518 | H59: =F59*D59 -> 67.362314 | I59: 2.6204538 | K59: 9084.7424 | L59: 11358.389 | M59: 5150.1882 | N59: 73.190807 | O59: 84.430824
A60: 2020 | B60: 5 | C60: 55.473412 | D60: 158.10995 | E60: =E48 -> 0.95871846 | F60: =F48 -> 0.7 | G60: =D60*E60 -> 151.58293 | H60: =F60*D60 -> 110.67697 | I60: 0.35895317 | K60: 178950.36 | L60: 227506.92 | M60: 174307.62 | N60: 135376.31 | O60: 155396.9
A61: 2020 | B61: 6 | C61: 2.4507 | D61: 170.28422 | E61: =E49 -> 1.2091047 | F61: =F49 -> 0.8 | G61: =D61*E61 -> 205.89145 | H61: =F61*D61 -> 136.22737 | I61: 0.053535436 | K61: 891368.21 | L61: 1133831.4 | M61: 926945.69 | N61: 783599.49 | O61: 898983.63
A62: 2020 | B62: 7 | C62: 9.2666667 | D62: 223.7691 | E62: =E50 -> 1.3003334 | F62: =F50 -> 0.8 | G62: =D62*E62 -> 290.97444 | H62: =F62*D62 -> 179.01528 | I62: 0.0074117963 | K62: 1875412.3 | L62: 2386045.8 | M62: 2077029.2 | N62: 1883820.7 | O62: 2162837.8
A63: 2020 | B63: 8 | C63: 0.51595467 | D63: 173.33281 | E63: =E51 -> 1.3823064 | F63: =F51 -> 0.8 | G63: =D63*E63 -> 239.59906 | H63: =F63*D63 -> 138.66625 | I63: 0.0010152775 | K63: 1613405.3 | L63: 2053334.8 | M63: 1807668.4 | N63: 1658736.6 | O63: 1905196.7
A64: 2020 | B64: 9 | C64: 43.032966 | D64: 125.37145 | E64: =E52 -> 1.3453601 | F64: =F52 -> 0.8 | G64: =D64*E64 -> 168.66975 | H64: =F64*D64 -> 100.29716 | I64: 1.6258181 | K64: 564560.21 | L64: 717593.02 | M64: 633411.39 | N64: 582898.06 | O64: 668594.29
A65: 2020 | B65: 10 | C65: 114.86223 | D65: 76.453899 | E65: =E53 -> 1.1629439 | F65: =F53 -> 0.7 | G65: =D65*E65 -> 88.911594 | H65: =F65*D65 -> 53.517729 | I65: 6.5272909 | K65: 95822.922 | L65: 122477.06 | M65: 107973.51 | N65: 99182.816 | O65: 114411.26
... A132: 2026 | B132: 5 | C132: 5.7 | D132: 137.66601 | E132: =E120 -> 0.95871846 | F132: =F120 -> 0.7 | G132: =D132*E132 -> 131.98294 | H132: =F132*D132 -> 96.366204 | I132: 0 | K132: 321056.75 | L132: 405531.53 | M132: 316923.53 | N132: 253079.95 | O132: 288025.88
A133: 2026 | B133: 6
A134: 2026 | B134: 7
A135: 2026 | B135: 8
A136: 2026 | B136: 9
A137: 2026 | B137: 10
A138: 2026 | B138: 11
A139: 2026 | B139: 12
A140: 2027 | B140: 1
A141: 2027 | B141: 2
A142: 2027 | B142: 3
A143: 2027 | B143: 4
A144: 2027 | B144: 5
... A367: 2045 | B367: 12

Sheet STORAGE_BALANCE_ENSEMBLE
A1: Monthly reservoir Balance
N3: =DATA_INPUT!K4 -> GIR50%ISW_EF_H | AG3: =DATA_INPUT!L4 -> GIR50%ISW_EF_L | AZ3: =DATA_INPUT!M4 -> EnsMean_Source_m3 | BS3: =DATA_INPUT!N4 -> GIR90%ISW_EF_H | CL3: =DATA_INPUT!O4 -> GIR90%ISW_EF_L
A4: Hydrological Year | B4: Month | C4: Day | D4: Initial level (m) | E4: Initial volume vt (m3) | F4: Area (m2) | G4: Observed monthly runoff (mm) | H4: Monthly runoff volume (m3) | I4: Monthly precipitation (mm) | J4: Rainfall Volume (m3) | K4: Monthly Evaporation (mm) | L4: Evaporation volume (m3) | M4: Ecological flow volume (m3) | N4: Irrigation (m3) | O4: Final volume (Vt+1 (m3) | P4: Spill (m3) | Q4: Service deficit source (m³) | R4: Data flag | T4: Hydrological Year | U4: Month | V4: Day | W4: Initial level (m) | X4: Initial volume vt (m3) | Y4: Area (m2) | Z4: Observed monthly runoff (mm) | AA4: Monthly runoff volume (m3) | AB4: Monthly precipitation (mm) | AC4: Rainfall Volume (m3) | AD4: Monthly Evaporation (mm) | AE4: Evaporation volume (m3) | AF4: Ecological flow volume (m3) | AG4: Irrigation (m3) | AH4: Final volume (Vt+1 (m3) | AI4: Spill (m3) | AJ4: Service deficit source (m³) | AK4: Data flag | AM4: Hydrological Year | AN4: Month | AO4: Day | AP4: Initial level (m) | AQ4: Initial volume vt (m3) | AR4: Area (m2) | AS4: Observed monthly runoff (mm) | AT4: Monthly runoff volume (m3) | AU4: Monthly precipitation (mm) | AV4: Rainfall Volume (m3) | AW4: Monthly Evaporation (mm) | AX4: Evaporation volume (m3) | AY4: Ecological flow volume (m3) | AZ4: Irrigation (m3) | BA4: Final volume (Vt+1 (m3) | BB4: Spill (m3) | BC4: Service deficit source (m³) | BD4: Data flag | BF4: Hydrological Year | BG4: Month | BH4: Day | BI4: Initial level (m) | BJ4: Initial volume vt (m3) | BK4: Area (m2) | BL4: Observed monthly runoff (mm) | BM4: Monthly runoff volume (m3) | BN4: Monthly precipitation (mm) | BO4: Rainfall Volume (m3) | BP4: Monthly Evaporation (mm) | BQ4: Evaporation volume (m3) | BR4: Ecological flow volume (m3) | BS4: Irrigation (m3) | BT4: Final volume (Vt+1 (m3) | BU4: Spill (m3) | BV4: Service deficit source (m³) | BW4: Data flag | BY4: Hydrological Year | BZ4: Month | CA4: Day | CB4: Initial level (m) | CC4: Initial volume vt (m3) | CD4: Area (m2) | CE4: Observed monthly runoff (mm) | CF4: Monthly runoff volume (m3) | CG4: Monthly precipitation (mm) | CH4: Rainfall Volume (m3) | CI4: Monthly Evaporation (mm) | CJ4: Evaporation volume (m3) | CK4: Ecological flow volume (m3) | CL4: Irrigation (m3) | CM4: Final volume (Vt+1 (m3) | CN4: Spill (m3) | CO4: Service deficit source (m³) | CP4: Data flag
A5: 2015 | B5: 10 | C5: =IF(R5<>1,"",DAY(DATE(A5,B5+1,))) -> 31 | D5: 261.35 | E5: =0.2*(D5-CONTROL_PANEL!$B$12)^3.02*10000 -> 39064967 | F5: =IF(R5<>1,"",0.6*(D5-235)^2.02*10000) -> 4447624.4 | G5: =IF(R5<>1,"",DATA_INPUT!$I5) -> 0 | H5: =IF(R5<>1,"",G5*CONTROL_PANEL!$B$5) -> 0 | I5: =IF(R5<>1,"",DATA_INPUT!$C5) -> 69 | J5: =IF(R5<>1,"",(I5*F5)/1000) -> 306886.08 | K5: =IF(R5<>1,"",DATA_INPUT!$H5) -> 56.85858 | L5: =IF(R5<>1,"",((K5*F5)/1000)) -> 252885.6 | M5: =IF(R5<>1,"",H5*CONTROL_PANEL!$B$14) -> 0 | N5: =IF(R5<>1,"",DATA_INPUT!$K5) -> 0 | O5: =IF(R5<>1,"",(E5+H5+J5)-(L5+N5+M5)) -> 39118968 | P5: =IF(R5<>1,"",IF(O5-CONTROL_PANEL!$B$11<0,0,O5-CONTROL_PANEL!$B$11)) -> 0 | Q5: =IF(R5<>1,"",IF(N5<=0,0,MIN(N5,MAX(0,CONTROL_PANEL!$B$13-O5)))) -> 0 | R5: 1 | T5: 2015 | U5: 10 | V5: =IF(AK5<>1,"",DAY(DATE(T5,U5+1,))) -> 31 | W5: 261.35 | X5: =0.2*(W5-CONTROL_PANEL!$B$12)^3.02*10000 -> 39064967 | Y5: =IF(AK5<>1,"",0.6*(W5-235)^2.02*10000) -> 4447624.4 | Z5: =IF(AK5<>1,"",DATA_INPUT!I5) -> 0 | AA5: =IF(AK5<>1,"",Z5*CONTROL_PANEL!$B$5) -> 0 | AB5: =IF(AK5<>1,"",DATA_INPUT!$C5) -> 69 | AC5: =IF(AK5<>1,"",(AB5*Y5)/1000) -> 306886.08 | AD5: =IF(AK5<>1,"",DATA_INPUT!$H5) -> 56.85858 | AE5: =IF(AK5<>1,"",((AD5*Y5)/1000)) -> 252885.6 | AF5: =IF(AK5<>1,"",AA5*CONTROL_PANEL!$B$14) -> 0 | AG5: =IF(AK5<>1,"",DATA_INPUT!$L5) -> 0 | AH5: =IF(AK5<>1,"",(X5+AA5+AC5)-(AE5+AG5+AF5)) -> 39118968 | AI5: =IF(AK5<>1,"",IF(AH5-CONTROL_PANEL!$B$11<0,0,AH5-CONTROL_PANEL!$B$11)) -> 0 | AJ5: =IF(AK5<>1,"",IF(AG5<=0,0,MIN(AG5,MAX(0,CONTROL_PANEL!$B$13-AH5)))) -> 0 | AK5: 1 | AM5: 2015 | AN5: 10 | AO5: =IF(BD5<>1,"",DAY(DATE(AM5,AN5+1,))) -> 31 | AP5: 261.35 | AQ5: =0.2*(AP5-CONTROL_PANEL!$B$12)^3.02*10000 -> 39064967 | AR5: =IF(BD5<>1,"",0.6*(AP5-235)^2.02*10000) -> 4447624.4 | AS5: =IF(BD5<>1,"",DATA_INPUT!$I5) -> 0 | AT5: =IF(BD5<>1,"",AS5*CONTROL_PANEL!$B$5) -> 0 | AU5: =IF(BD5<>1,"",DATA_INPUT!$C5) -> 69 | AV5: =IF(BD5<>1,"",(AU5*AR5)/1000) -> 306886.08 | AW5: =IF(BD5<>1,"",DATA_INPUT!$H5) -> 56.85858 | AX5: =IF(BD5<>1,"",((AW5*AR5)/1000)) -> 252885.6 | AY5: =IF(BD5<>1,"",AT5*CONTROL_PANEL!$B$14) -> 0 | AZ5: =IF(BD5<>1,"",DATA_INPUT!$M5) -> 0 | BA5: =IF(BD5<>1,"",(AQ5+AT5+AV5)-(AX5+AZ5+AY5)) -> 39118968 | BB5: =IF(BD5<>1,"",IF(BA5-CONTROL_PANEL!$B$11<0,0,BA5-CONTROL_PANEL!$B$11)) -> 0 | BC5: =IF(BD5<>1,"",IF(AZ5<=0,0,MIN(AZ5,MAX(0,CONTROL_PANEL!$B$13-BA5)))) -> 0 | BD5: 1 | BF5: 2015 | BG5: 10 | BH5: =IF(BW5<>1,"",DAY(DATE(BF5,BG5+1,))) -> 31 | BI5: 261.35 | BJ5: =0.2*(BI5-CONTROL_PANEL!$B$12)^3.02*10000 -> 39064967 | BK5: =IF(BW5<>1,"",0.6*(BI5-235)^2.02*10000) -> 4447624.4 | BL5: =IF(BW5<>1,"",DATA_INPUT!$I5) -> 0 | BM5: =IF(BW5<>1,"",BL5*CONTROL_PANEL!$B$5) -> 0 | BN5: =IF(BW5<>1,"",DATA_INPUT!$C5) -> 69 | BO5: =IF(BW5<>1,"",(BN5*BK5)/1000) -> 306886.08 | BP5: =IF(BW5<>1,"",DATA_INPUT!$H5) -> 56.85858 | BQ5: =IF(BW5<>1,"",((BP5*BK5)/1000)) -> 252885.6 | BR5: =IF(BW5<>1,"",BM5*CONTROL_PANEL!$B$14) -> 0 | BS5: =IF(BW5<>1,"",DATA_INPUT!$N5) -> 0 | BT5: =IF(BW5<>1,"",(BJ5+BM5+BO5)-(BQ5+BS5+BR5)) -> 39118968 | BU5: =IF(BW5<>1,"",IF(BT5-CONTROL_PANEL!$B$11<0,0,BT5-CONTROL_PANEL!$B$11)) -> 0 | BV5: =IF(BW5<>1,"",IF(BS5<=0,0,MIN(BS5,MAX(0,CONTROL_PANEL!$B$13-BT5)))) -> 0 | BW5: 1 | BY5: 2015 | BZ5: 10 | CA5: =IF(CP5<>1,"",DAY(DATE(BY5,BZ5+1,))) -> 31 | CB5: 261.35 | CC5: =0.2*(CB5-CONTROL_PANEL!$B$12)^3.02*10000 -> 39064967 | CD5: =IF(CP5<>1,"",0.6*(CB5-235)^2.02*10000) -> 4447624.4 | CE5: =IF(CP5<>1,"",DATA_INPUT!$I5) -> 0 | CF5: =IF(CP5<>1,"",CE5*CONTROL_PANEL!$B$5) -> 0 | CG5: =IF(CP5<>1,"",DATA_INPUT!$C5) -> 69 | CH5: =IF(CP5<>1,"",(CG5*CD5)/1000) -> 306886.08 | CI5: =IF(CP5<>1,"",DATA_INPUT!$H5) -> 56.85858 | CJ5: =IF(CP5<>1,"",((CI5*CD5)/1000)) -> 252885.6 | CK5: =IF(CP5<>1,"",CF5*CONTROL_PANEL!$B$14) -> 0 | CL5: =IF(CP5<>1,"",DATA_INPUT!$O5) -> 0 | CM5: =IF(CP5<>1,"",(CC5+CF5+CH5)-(CJ5+CL5+CK5)) -> 39118968 | CN5: =IF(CP5<>1,"",IF(CM5-CONTROL_PANEL!$B$11<0,0,CM5-CONTROL_PANEL!$B$11)) -> 0 | CO5: =IF(CP5<>1,"",IF(CL5<=0,0,MIN(CL5,MAX(0,CONTROL_PANEL!$B$13-CM5)))) -> 0 | CP5: 1
A6: 2015 | B6: 11 | C6: =IF(R6<>1,"",DAY(DATE(A6,B6+1,))) -> 30 | D6: =IF(R5<>1,"",235+((E6/1000/2)^(1/3.02))) -> 261.36206 | E6: =IF(R5<>1,"",IF(O5>0,IF(O5>CONTROL_PANEL!$B$11,CONTROL_PANEL!$B$11,O5),0)) -> 39118968 | F6: =IF(R6<>1,"",0.6*(D6-235)^2.02*10000) -> 4451735.7 | G6: =IF(R6<>1,"",DATA_INPUT!I6) -> 0 | H6: =IF(R6<>1,"",G6*CONTROL_PANEL!$B$5) -> 0 | I6: =IF(R6<>1,"",DATA_INPUT!C6) -> 17 | J6: =IF(R6<>1,"",(I6*F6)/1000) -> 75679.507 | K6: =IF(R6<>1,"",DATA_INPUT!H6) -> 38.167252 | L6: =IF(R6<>1,"",((K6*F6)/1000)) -> 169910.52 | M6: =IF(R6<>1,"",H6*CONTROL_PANEL!$B$14) -> 0 | N6: =IF(R6<>1,"",DATA_INPUT!K6) -> 0 | O6: =IF(R6<>1,"",(E6+H6+J6)-(L6+N6+M6)) -> 39024737 | P6: =IF(R6<>1,"",IF(O6-CONTROL_PANEL!$B$11<0,0,O6-CONTROL_PANEL!$B$11)) -> 0 | Q6: =IF(R6<>1,"",IF(N6<=0,0,MIN(N6,MAX(0,CONTROL_PANEL!$B$13-O6)))) -> 0 | R6: 1 | T6: 2015 | U6: 11 | V6: =IF(AK6<>1,"",DAY(DATE(T6,U6+1,))) -> 30 | W6: =IF(AK5<>1,"",235+((X6/1000/2)^(1/3.02))) -> 261.36206 | X6: =IF(AK5<>1,"",IF(AH5>0,IF(AH5>CONTROL_PANEL!$B$11,CONTROL_PANEL!$B$11,AH5),0)) -> 39118968 | Y6: =IF(AK6<>1,"",0.6*(W6-235)^2.02*10000) -> 4451735.7 | Z6: =IF(AK6<>1,"",DATA_INPUT!I6) -> 0 | AA6: =IF(AK6<>1,"",Z6*CONTROL_PANEL!$B$5) -> 0 | AB6: =IF(AK6<>1,"",DATA_INPUT!$C6) -> 17 | AC6: =IF(AK6<>1,"",(AB6*Y6)/1000) -> 75679.507 | AD6: =IF(AK6<>1,"",DATA_INPUT!$H6) -> 38.167252 | AE6: =IF(AK6<>1,"",((AD6*Y6)/1000)) -> 169910.52 | AF6: =IF(AK6<>1,"",AA6*CONTROL_PANEL!$B$14) -> 0 | AG6: =IF(AK6<>1,"",DATA_INPUT!$L6) -> 0 | AH6: =IF(AK6<>1,"",(X6+AA6+AC6)-(AE6+AG6+AF6)) -> 39024737 | AI6: =IF(AK6<>1,"",IF(AH6-CONTROL_PANEL!$B$11<0,0,AH6-CONTROL_PANEL!$B$11)) -> 0 | AJ6: =IF(AK6<>1,"",IF(AG6<=0,0,MIN(AG6,MAX(0,CONTROL_PANEL!$B$13-AH6)))) -> 0 | AK6: 1 | AM6: 2015 | AN6: 11 | AO6: =IF(BD6<>1,"",DAY(DATE(AM6,AN6+1,))) -> 30 | AP6: =IF(BD5<>1,"",235+((AQ6/1000/2)^(1/3.02))) -> 261.36206 | AQ6: =IF(BD5<>1,"",IF(BA5>0,IF(BA5>CONTROL_PANEL!$B$11,CONTROL_PANEL!$B$11,BA5),0)) -> 39118968 | AR6: =IF(BD6<>1,"",0.6*(AP6-235)^2.02*10000) -> 4451735.7 | AS6: =IF(BD6<>1,"",DATA_INPUT!$I6) -> 0 | AT6: =IF(BD6<>1,"",AS6*CONTROL_PANEL!$B$5) -> 0 | AU6: =IF(BD6<>1,"",DATA_INPUT!$C6) -> 17 | AV6: =IF(BD6<>1,"",(AU6*AR6)/1000) -> 75679.507 | AW6: =IF(BD6<>1,"",DATA_INPUT!$H6) -> 38.167252 | AX6: =IF(BD6<>1,"",((AW6*AR6)/1000)) -> 169910.52 | AY6: =IF(BD6<>1,"",AT6*CONTROL_PANEL!$B$14) -> 0 | AZ6: =IF(BD6<>1,"",DATA_INPUT!$M6) -> 0 | BA6: =IF(BD6<>1,"",(AQ6+AT6+AV6)-(AX6+AZ6+AY6)) -> 39024737 | BB6: =IF(BD6<>1,"",IF(BA6-CONTROL_PANEL!$B$11<0,0,BA6-CONTROL_PANEL!$B$11)) -> 0 | BC6: =IF(BD6<>1,"",IF(AZ6<=0,0,MIN(AZ6,MAX(0,CONTROL_PANEL!$B$13-BA6)))) -> 0 | BD6: 1 | BF6: 2015 | BG6: 11 | BH6: =IF(BW6<>1,"",DAY(DATE(BF6,BG6+1,))) -> 30 | BI6: =IF(BW5<>1,"",235+((BJ6/1000/2)^(1/3.02))) -> 261.36206 | BJ6: =IF(BW5<>1,"",IF(BT5>0,IF(BT5>CONTROL_PANEL!$B$11,CONTROL_PANEL!$B$11,BT5),0)) -> 39118968 | BK6: =IF(BW6<>1,"",0.6*(BI6-235)^2.02*10000) -> 4451735.7 | BL6: =IF(BW6<>1,"",DATA_INPUT!$I6) -> 0 | BM6: =IF(BW6<>1,"",BL6*CONTROL_PANEL!$B$5) -> 0 | BN6: =IF(BW6<>1,"",DATA_INPUT!$C6) -> 17 | BO6: =IF(BW6<>1,"",(BN6*BK6)/1000) -> 75679.507 | BP6: =IF(BW6<>1,"",DATA_INPUT!$H6) -> 38.167252 | BQ6: =IF(BW6<>1,"",((BP6*BK6)/1000)) -> 169910.52 | BR6: =IF(BW6<>1,"",BM6*CONTROL_PANEL!$B$14) -> 0 | BS6: =IF(BW6<>1,"",DATA_INPUT!$N6) -> 0 | BT6: =IF(BW6<>1,"",(BJ6+BM6+BO6)-(BQ6+BS6+BR6)) -> 39024737 | BU6: =IF(BW6<>1,"",IF(BT6-CONTROL_PANEL!$B$11<0,0,BT6-CONTROL_PANEL!$B$11)) -> 0 | BV6: =IF(BW6<>1,"",IF(BS6<=0,0,MIN(BS6,MAX(0,CONTROL_PANEL!$B$13-BT6)))) -> 0 | BW6: 1 | BY6: 2015 | BZ6: 11 | CA6: =IF(CP6<>1,"",DAY(DATE(BY6,BZ6+1,))) -> 30 | CB6: =IF(CP5<>1,"",235+((CC6/1000/2)^(1/3.02))) -> 261.36206 | CC6: =IF(CP5<>1,"",IF(CM5>0,IF(CM5>CONTROL_PANEL!$B$11,CONTROL_PANEL!$B$11,CM5),0)) -> 39118968 | CD6: =IF(CP6<>1,"",0.6*(CB6-235)^2.02*10000) -> 4451735.7 | CE6: =IF(CP6<>1,"",DATA_INPUT!$I6) -> 0 | CF6: =IF(CP6<>1,"",CE6*CONTROL_PANEL!$B$5) -> 0 | CG6: =IF(CP6<>1,"",DATA_INPUT!$C6) -> 17 | CH6: =IF(CP6<>1,"",(CG6*CD6)/1000) -> 75679.507 | CI6: =IF(CP6<>1,"",DATA_INPUT!$H6) -> 38.167252 | CJ6: =IF(CP6<>1,"",((CI6*CD6)/1000)) -> 169910.52 | CK6: =IF(CP6<>1,"",CF6*CONTROL_PANEL!$B$14) -> 0 | CL6: =IF(CP6<>1,"",DATA_INPUT!$O6) -> 0 | CM6: =IF(CP6<>1,"",(CC6+CF6+CH6)-(CJ6+CL6+CK6)) -> 39024737 | CN6: =IF(CP6<>1,"",IF(CM6-CONTROL_PANEL!$B$11<0,0,CM6-CONTROL_PANEL!$B$11)) -> 0 | CO6: =IF(CP6<>1,"",IF(CL6<=0,0,MIN(CL6,MAX(0,CONTROL_PANEL!$B$13-CM6)))) -> 0 | CP6: 1
A7: 2015 | B7: 12 | C7: =IF(R7<>1,"",DAY(DATE(A7,B7+1,))) -> 31 | D7: =IF(R6<>1,"",235+((E7/1000/2)^(1/3.02))) -> 261.34101 | E7: =IF(R6<>1,"",IF(O6>0,IF(O6>CONTROL_PANEL!$B$11,CONTROL_PANEL!$B$11,O6),0)) -> 39024737 | F7: =IF(R7<>1,"",0.6*(D7-235)^2.02*10000) -> 4444560.2 | G7: =IF(R7<>1,"",DATA_INPUT!I7) -> 0.68814698 | H7: =IF(R7<>1,"",G7*CONTROL_PANEL!$B$5) -> 65305.148 | I7: =IF(R7<>1,"",DATA_INPUT!C7) -> 31.405769 | J7: =IF(R7<>1,"",(I7*F7)/1000) -> 139584.83 | K7: =IF(R7<>1,"",DATA_INPUT!H7) -> 21.073001 | L7: =IF(R7<>1,"",((K7*F7)/1000)) -> 93660.22 | M7: =IF(R7<>1,"",H7*CONTROL_PANEL!$B$14) -> 4571.3604 | N7: =IF(R7<>1,"",DATA_INPUT!K7) -> 0 | O7: =IF(R7<>1,"",(E7+H7+J7)-(L7+N7+M7)) -> 39131395 | P7: =IF(R7<>1,"",IF(O7-CONTROL_PANEL!$B$11<0,0,O7-CONTROL_PANEL!$B$11)) -> 0 | Q7: =IF(R7<>1,"",IF(N7<=0,0,MIN(N7,MAX(0,CONTROL_PANEL!$B$13-O7)))) -> 0 | R7: 1 | T7: 2015 | U7: 12 | V7: =IF(AK7<>1,"",DAY(DATE(T7,U7+1,))) -> 31 | W7: =IF(AK6<>1,"",235+((X7/1000/2)^(1/3.02))) -> 261.34101 | X7: =IF(AK6<>1,"",IF(AH6>0,IF(AH6>CONTROL_PANEL!$B$11,CONTROL_PANEL!$B$11,AH6),0)) -> 39024737 | Y7: =IF(AK7<>1,"",0.6*(W7-235)^2.02*10000) -> 4444560.2 | Z7: =IF(AK7<>1,"",DATA_INPUT!I7) -> 0.68814698 | AA7: =IF(AK7<>1,"",Z7*CONTROL_PANEL!$B$5) -> 65305.148 | AB7: =IF(AK7<>1,"",DATA_INPUT!$C7) -> 31.405769 | AC7: =IF(AK7<>1,"",(AB7*Y7)/1000) -> 139584.83 | AD7: =IF(AK7<>1,"",DATA_INPUT!$H7) -> 21.073001 | AE7: =IF(AK7<>1,"",((AD7*Y7)/1000)) -> 93660.22 | AF7: =IF(AK7<>1,"",AA7*CONTROL_PANEL!$B$14) -> 4571.3604 | AG7: =IF(AK7<>1,"",DATA_INPUT!$L7) -> 0 | AH7: =IF(AK7<>1,"",(X7+AA7+AC7)-(AE7+AG7+AF7)) -> 39131395 | AI7: =IF(AK7<>1,"",IF(AH7-CONTROL_PANEL!$B$11<0,0,AH7-CONTROL_PANEL!$B$11)) -> 0 | AJ7: =IF(AK7<>1,"",IF(AG7<=0,0,MIN(AG7,MAX(0,CONTROL_PANEL!$B$13-AH7)))) -> 0 | AK7: 1 | AM7: 2015 | AN7: 12 | AO7: =IF(BD7<>1,"",DAY(DATE(AM7,AN7+1,))) -> 31 | AP7: =IF(BD6<>1,"",235+((AQ7/1000/2)^(1/3.02))) -> 261.34101 | AQ7: =IF(BD6<>1,"",IF(BA6>0,IF(BA6>CONTROL_PANEL!$B$11,CONTROL_PANEL!$B$11,BA6),0)) -> 39024737 | AR7: =IF(BD7<>1,"",0.6*(AP7-235)^2.02*10000) -> 4444560.2 | AS7: =IF(BD7<>1,"",DATA_INPUT!$I7) -> 0.68814698 | AT7: =IF(BD7<>1,"",AS7*CONTROL_PANEL!$B$5) -> 65305.148 | AU7: =IF(BD7<>1,"",DATA_INPUT!$C7) -> 31.405769 | AV7: =IF(BD7<>1,"",(AU7*AR7)/1000) -> 139584.83 | AW7: =IF(BD7<>1,"",DATA_INPUT!$H7) -> 21.073001 | AX7: =IF(BD7<>1,"",((AW7*AR7)/1000)) -> 93660.22 | AY7: =IF(BD7<>1,"",AT7*CONTROL_PANEL!$B$14) -> 4571.3604 | AZ7: =IF(BD7<>1,"",DATA_INPUT!$M7) -> 0 | BA7: =IF(BD7<>1,"",(AQ7+AT7+AV7)-(AX7+AZ7+AY7)) -> 39131395 | BB7: =IF(BD7<>1,"",IF(BA7-CONTROL_PANEL!$B$11<0,0,BA7-CONTROL_PANEL!$B$11)) -> 0 | BC7: =IF(BD7<>1,"",IF(AZ7<=0,0,MIN(AZ7,MAX(0,CONTROL_PANEL!$B$13-BA7)))) -> 0 | BD7: 1 | BF7: 2015 | BG7: 12 | BH7: =IF(BW7<>1,"",DAY(DATE(BF7,BG7+1,))) -> 31 | BI7: =IF(BW6<>1,"",235+((BJ7/1000/2)^(1/3.02))) -> 261.34101 | BJ7: =IF(BW6<>1,"",IF(BT6>0,IF(BT6>CONTROL_PANEL!$B$11,CONTROL_PANEL!$B$11,BT6),0)) -> 39024737 | BK7: =IF(BW7<>1,"",0.6*(BI7-235)^2.02*10000) -> 4444560.2 | BL7: =IF(BW7<>1,"",DATA_INPUT!$I7) -> 0.68814698 | BM7: =IF(BW7<>1,"",BL7*CONTROL_PANEL!$B$5) -> 65305.148 | BN7: =IF(BW7<>1,"",DATA_INPUT!$C7) -> 31.405769 | BO7: =IF(BW7<>1,"",(BN7*BK7)/1000) -> 139584.83 | BP7: =IF(BW7<>1,"",DATA_INPUT!$H7) -> 21.073001 | BQ7: =IF(BW7<>1,"",((BP7*BK7)/1000)) -> 93660.22 | BR7: =IF(BW7<>1,"",BM7*CONTROL_PANEL!$B$14) -> 4571.3604 | BS7: =IF(BW7<>1,"",DATA_INPUT!$N7) -> 0 | BT7: =IF(BW7<>1,"",(BJ7+BM7+BO7)-(BQ7+BS7+BR7)) -> 39131395 | BU7: =IF(BW7<>1,"",IF(BT7-CONTROL_PANEL!$B$11<0,0,BT7-CONTROL_PANEL!$B$11)) -> 0 | BV7: =IF(BW7<>1,"",IF(BS7<=0,0,MIN(BS7,MAX(0,CONTROL_PANEL!$B$13-BT7)))) -> 0 | BW7: 1 | BY7: 2015 | BZ7: 12 | CA7: =IF(CP7<>1,"",DAY(DATE(BY7,BZ7+1,))) -> 31 | CB7: =IF(CP6<>1,"",235+((CC7/1000/2)^(1/3.02))) -> 261.34101 | CC7: =IF(CP6<>1,"",IF(CM6>0,IF(CM6>CONTROL_PANEL!$B$11,CONTROL_PANEL!$B$11,CM6),0)) -> 39024737 | CD7: =IF(CP7<>1,"",0.6*(CB7-235)^2.02*10000) -> 4444560.2 | CE7: =IF(CP7<>1,"",DATA_INPUT!$I7) -> 0.68814698 | CF7: =IF(CP7<>1,"",CE7*CONTROL_PANEL!$B$5) -> 65305.148 | CG7: =IF(CP7<>1,"",DATA_INPUT!$C7) -> 31.405769 | CH7: =IF(CP7<>1,"",(CG7*CD7)/1000) -> 139584.83 | CI7: =IF(CP7<>1,"",DATA_INPUT!$H7) -> 21.073001 | CJ7: =IF(CP7<>1,"",((CI7*CD7)/1000)) -> 93660.22 | CK7: =IF(CP7<>1,"",CF7*CONTROL_PANEL!$B$14) -> 4571.3604 | CL7: =IF(CP7<>1,"",DATA_INPUT!$O7) -> 0 | CM7: =IF(CP7<>1,"",(CC7+CF7+CH7)-(CJ7+CL7+CK7)) -> 39131395 | CN7: =IF(CP7<>1,"",IF(CM7-CONTROL_PANEL!$B$11<0,0,CM7-CONTROL_PANEL!$B$11)) -> 0 | CO7: =IF(CP7<>1,"",IF(CL7<=0,0,MIN(CL7,MAX(0,CONTROL_PANEL!$B$13-CM7)))) -> 0 | CP7: 1
A8: 2016 | B8: 1 | C8: =IF(R8<>1,"",DAY(DATE(A8,B8+1,))) -> 31 | D8: =IF(R7<>1,"",235+((E8/1000/2)^(1/3.02))) -> 261.36483 | E8: =IF(R7<>1,"",IF(O7>0,IF(O7>CONTROL_PANEL!$B$11,CONTROL_PANEL!$B$11,O7),0)) -> 39131395 | F8: =IF(R8<>1,"",0.6*(D8-235)^2.02*10000) -> 4452681.6 | G8: =IF(R8<>1,"",DATA_INPUT!I8) -> 1.6752078 | H8: =IF(R8<>1,"",G8*CONTROL_PANEL!$B$5) -> 158977.22 | I8: =IF(R8<>1,"",DATA_INPUT!C8) -> 103 | J8: =IF(R8<>1,"",(I8*F8)/1000) -> 458626.21 | K8: =IF(R8<>1,"",DATA_INPUT!H8) -> 17.517107 | L8: =IF(R8<>1,"",((K8*F8)/1000)) -> 77998.099 | M8: =IF(R8<>1,"",H8*CONTROL_PANEL!$B$14) -> 11128.405 | N8: =IF(R8<>1,"",DATA_INPUT!K8) -> 0 | O8: =IF(R8<>1,"",(E8+H8+J8)-(L8+N8+M8)) -> 39659872 | P8: =IF(R8<>1,"",IF(O8-CONTROL_PANEL!$B$11<0,0,O8-CONTROL_PANEL!$B$11)) -> 0 | Q8: =IF(R8<>1,"",IF(N8<=0,0,MIN(N8,MAX(0,CONTROL_PANEL!$B$13-O8)))) -> 0 | R8: 1 | T8: 2016 | U8: 1 | V8: =IF(AK8<>1,"",DAY(DATE(T8,U8+1,))) -> 31 | W8: =IF(AK7<>1,"",235+((X8/1000/2)^(1/3.02))) -> 261.36483 | X8: =IF(AK7<>1,"",IF(AH7>0,IF(AH7>CONTROL_PANEL!$B$11,CONTROL_PANEL!$B$11,AH7),0)) -> 39131395 | Y8: =IF(AK8<>1,"",0.6*(W8-235)^2.02*10000) -> 4452681.6 | Z8: =IF(AK8<>1,"",DATA_INPUT!I8) -> 1.6752078 | AA8: =IF(AK8<>1,"",Z8*CONTROL_PANEL!$B$5) -> 158977.22 | AB8: =IF(AK8<>1,"",DATA_INPUT!$C8) -> 103 | AC8: =IF(AK8<>1,"",(AB8*Y8)/1000) -> 458626.21 | AD8: =IF(AK8<>1,"",DATA_INPUT!$H8) -> 17.517107 | AE8: =IF(AK8<>1,"",((AD8*Y8)/1000)) -> 77998.099 | AF8: =IF(AK8<>1,"",AA8*CONTROL_PANEL!$B$14) -> 11128.405 | AG8: =IF(AK8<>1,"",DATA_INPUT!$L8) -> 0 | AH8: =IF(AK8<>1,"",(X8+AA8+AC8)-(AE8+AG8+AF8)) -> 39659872 | AI8: =IF(AK8<>1,"",IF(AH8-CONTROL_PANEL!$B$11<0,0,AH8-CONTROL_PANEL!$B$11)) -> 0 | AJ8: =IF(AK8<>1,"",IF(AG8<=0,0,MIN(AG8,MAX(0,CONTROL_PANEL!$B$13-AH8)))) -> 0 | AK8: 1 | AM8: 2016 | AN8: 1 | AO8: =IF(BD8<>1,"",DAY(DATE(AM8,AN8+1,))) -> 31 | AP8: =IF(BD7<>1,"",235+((AQ8/1000/2)^(1/3.02))) -> 261.36483 | AQ8: =IF(BD7<>1,"",IF(BA7>0,IF(BA7>CONTROL_PANEL!$B$11,CONTROL_PANEL!$B$11,BA7),0)) -> 39131395 | AR8: =IF(BD8<>1,"",0.6*(AP8-235)^2.02*10000) -> 4452681.6 | AS8: =IF(BD8<>1,"",DATA_INPUT!$I8) -> 1.6752078 | AT8: =IF(BD8<>1,"",AS8*CONTROL_PANEL!$B$5) -> 158977.22 | AU8: =IF(BD8<>1,"",DATA_INPUT!$C8) -> 103 | AV8: =IF(BD8<>1,"",(AU8*AR8)/1000) -> 458626.21 | AW8: =IF(BD8<>1,"",DATA_INPUT!$H8) -> 17.517107 | AX8: =IF(BD8<>1,"",((AW8*AR8)/1000)) -> 77998.099 | AY8: =IF(BD8<>1,"",AT8*CONTROL_PANEL!$B$14) -> 11128.405 | AZ8: =IF(BD8<>1,"",DATA_INPUT!$M8) -> 0 | BA8: =IF(BD8<>1,"",(AQ8+AT8+AV8)-(AX8+AZ8+AY8)) -> 39659872 | BB8: =IF(BD8<>1,"",IF(BA8-CONTROL_PANEL!$B$11<0,0,BA8-CONTROL_PANEL!$B$11)) -> 0 | BC8: =IF(BD8<>1,"",IF(AZ8<=0,0,MIN(AZ8,MAX(0,CONTROL_PANEL!$B$13-BA8)))) -> 0 | BD8: 1 | BF8: 2016 | BG8: 1 | BH8: =IF(BW8<>1,"",DAY(DATE(BF8,BG8+1,))) -> 31 | BI8: =IF(BW7<>1,"",235+((BJ8/1000/2)^(1/3.02))) -> 261.36483 | BJ8: =IF(BW7<>1,"",IF(BT7>0,IF(BT7>CONTROL_PANEL!$B$11,CONTROL_PANEL!$B$11,BT7),0)) -> 39131395 | BK8: =IF(BW8<>1,"",0.6*(BI8-235)^2.02*10000) -> 4452681.6 | BL8: =IF(BW8<>1,"",DATA_INPUT!$I8) -> 1.6752078 | BM8: =IF(BW8<>1,"",BL8*CONTROL_PANEL!$B$5) -> 158977.22 | BN8: =IF(BW8<>1,"",DATA_INPUT!$C8) -> 103 | BO8: =IF(BW8<>1,"",(BN8*BK8)/1000) -> 458626.21 | BP8: =IF(BW8<>1,"",DATA_INPUT!$H8) -> 17.517107 | BQ8: =IF(BW8<>1,"",((BP8*BK8)/1000)) -> 77998.099 | BR8: =IF(BW8<>1,"",BM8*CONTROL_PANEL!$B$14) -> 11128.405 | BS8: =IF(BW8<>1,"",DATA_INPUT!$N8) -> 0 | BT8: =IF(BW8<>1,"",(BJ8+BM8+BO8)-(BQ8+BS8+BR8)) -> 39659872 | BU8: =IF(BW8<>1,"",IF(BT8-CONTROL_PANEL!$B$11<0,0,BT8-CONTROL_PANEL!$B$11)) -> 0 | BV8: =IF(BW8<>1,"",IF(BS8<=0,0,MIN(BS8,MAX(0,CONTROL_PANEL!$B$13-BT8)))) -> 0 | BW8: 1 | BY8: 2016 | BZ8: 1 | CA8: =IF(CP8<>1,"",DAY(DATE(BY8,BZ8+1,))) -> 31 | CB8: =IF(CP7<>1,"",235+((CC8/1000/2)^(1/3.02))) -> 261.36483 | CC8: =IF(CP7<>1,"",IF(CM7>0,IF(CM7>CONTROL_PANEL!$B$11,CONTROL_PANEL!$B$11,CM7),0)) -> 39131395 | CD8: =IF(CP8<>1,"",0.6*(CB8-235)^2.02*10000) -> 4452681.6 | CE8: =IF(CP8<>1,"",DATA_INPUT!$I8) -> 1.6752078 | CF8: =IF(CP8<>1,"",CE8*CONTROL_PANEL!$B$5) -> 158977.22 | CG8: =IF(CP8<>1,"",DATA_INPUT!$C8) -> 103 | CH8: =IF(CP8<>1,"",(CG8*CD8)/1000) -> 458626.21 | CI8: =IF(CP8<>1,"",DATA_INPUT!$H8) -> 17.517107 | CJ8: =IF(CP8<>1,"",((CI8*CD8)/1000)) -> 77998.099 | CK8: =IF(CP8<>1,"",CF8*CONTROL_PANEL!$B$14) -> 11128.405 | CL8: =IF(CP8<>1,"",DATA_INPUT!$O8) -> 0 | CM8: =IF(CP8<>1,"",(CC8+CF8+CH8)-(CJ8+CL8+CK8)) -> 39659872 | CN8: =IF(CP8<>1,"",IF(CM8-CONTROL_PANEL!$B$11<0,0,CM8-CONTROL_PANEL!$B$11)) -> 0 | CO8: =IF(CP8<>1,"",IF(CL8<=0,0,MIN(CL8,MAX(0,CONTROL_PANEL!$B$13-CM8)))) -> 0 | CP8: 1
A9: 2016 | B9: 2 | C9: =IF(R9<>1,"",DAY(DATE(A9,B9+1,))) -> 29 | D9: =IF(R8<>1,"",235+((E9/1000/2)^(1/3.02))) -> 261.4822 | E9: =IF(R8<>1,"",IF(O8>0,IF(O8>CONTROL_PANEL!$B$11,CONTROL_PANEL!$B$11,O8),0)) -> 39659872 | F9: =IF(R9<>1,"",0.6*(D9-235)^2.02*10000) -> 4492814.5 | G9: =IF(R9<>1,"",DATA_INPUT!I9) -> 0.78460202 | H9: =IF(R9<>1,"",G9*CONTROL_PANEL!$B$5) -> 74458.732 | I9: =IF(R9<>1,"",DATA_INPUT!C9) -> 72 | J9: =IF(R9<>1,"",(I9*F9)/1000) -> 323482.64 | K9: =IF(R9<>1,"",DATA_INPUT!H9) -> 22.608353 | L9: =IF(R9<>1,"",((K9*F9)/1000)) -> 101575.14 | M9: =IF(R9<>1,"",H9*CONTROL_PANEL!$B$14) -> 5212.1112 | N9: =IF(R9<>1,"",DATA_INPUT!K9) -> 0 | O9: =IF(R9<>1,"",(E9+H9+J9)-(L9+N9+M9)) -> 39951026 | P9: =IF(R9<>1,"",IF(O9-CONTROL_PANEL!$B$11<0,0,O9-CONTROL_PANEL!$B$11)) -> 0 | Q9: =IF(R9<>1,"",IF(N9<=0,0,MIN(N9,MAX(0,CONTROL_PANEL!$B$13-O9)))) -> 0 | R9: 1 | T9: 2016 | U9: 2 | V9: =IF(AK9<>1,"",DAY(DATE(T9,U9+1,))) -> 29 | W9: =IF(AK8<>1,"",235+((X9/1000/2)^(1/3.02))) -> 261.4822 | X9: =IF(AK8<>1,"",IF(AH8>0,IF(AH8>CONTROL_PANEL!$B$11,CONTROL_PANEL!$B$11,AH8),0)) -> 39659872 | Y9: =IF(AK9<>1,"",0.6*(W9-235)^2.02*10000) -> 4492814.5 | Z9: =IF(AK9<>1,"",DATA_INPUT!I9) -> 0.78460202 | AA9: =IF(AK9<>1,"",Z9*CONTROL_PANEL!$B$5) -> 74458.732 | AB9: =IF(AK9<>1,"",DATA_INPUT!$C9) -> 72 | AC9: =IF(AK9<>1,"",(AB9*Y9)/1000) -> 323482.64 | AD9: =IF(AK9<>1,"",DATA_INPUT!$H9) -> 22.608353 | AE9: =IF(AK9<>1,"",((AD9*Y9)/1000)) -> 101575.14 | AF9: =IF(AK9<>1,"",AA9*CONTROL_PANEL!$B$14) -> 5212.1112 | AG9: =IF(AK9<>1,"",DATA_INPUT!$L9) -> 0 | AH9: =IF(AK9<>1,"",(X9+AA9+AC9)-(AE9+AG9+AF9)) -> 39951026 | AI9: =IF(AK9<>1,"",IF(AH9-CONTROL_PANEL!$B$11<0,0,AH9-CONTROL_PANEL!$B$11)) -> 0 | AJ9: =IF(AK9<>1,"",IF(AG9<=0,0,MIN(AG9,MAX(0,CONTROL_PANEL!$B$13-AH9)))) -> 0 | AK9: 1 | AM9: 2016 | AN9: 2 | AO9: =IF(BD9<>1,"",DAY(DATE(AM9,AN9+1,))) -> 29 | AP9: =IF(BD8<>1,"",235+((AQ9/1000/2)^(1/3.02))) -> 261.4822 | AQ9: =IF(BD8<>1,"",IF(BA8>0,IF(BA8>CONTROL_PANEL!$B$11,CONTROL_PANEL!$B$11,BA8),0)) -> 39659872 | AR9: =IF(BD9<>1,"",0.6*(AP9-235)^2.02*10000) -> 4492814.5 | AS9: =IF(BD9<>1,"",DATA_INPUT!$I9) -> 0.78460202 | AT9: =IF(BD9<>1,"",AS9*CONTROL_PANEL!$B$5) -> 74458.732 | AU9: =IF(BD9<>1,"",DATA_INPUT!$C9) -> 72 | AV9: =IF(BD9<>1,"",(AU9*AR9)/1000) -> 323482.64 | AW9: =IF(BD9<>1,"",DATA_INPUT!$H9) -> 22.608353 | AX9: =IF(BD9<>1,"",((AW9*AR9)/1000)) -> 101575.14 | AY9: =IF(BD9<>1,"",AT9*CONTROL_PANEL!$B$14) -> 5212.1112 | AZ9: =IF(BD9<>1,"",DATA_INPUT!$M9) -> 0 | BA9: =IF(BD9<>1,"",(AQ9+AT9+AV9)-(AX9+AZ9+AY9)) -> 39951026 | BB9: =IF(BD9<>1,"",IF(BA9-CONTROL_PANEL!$B$11<0,0,BA9-CONTROL_PANEL!$B$11)) -> 0 | BC9: =IF(BD9<>1,"",IF(AZ9<=0,0,MIN(AZ9,MAX(0,CONTROL_PANEL!$B$13-BA9)))) -> 0 | BD9: 1 | BF9: 2016 | BG9: 2 | BH9: =IF(BW9<>1,"",DAY(DATE(BF9,BG9+1,))) -> 29 | BI9: =IF(BW8<>1,"",235+((BJ9/1000/2)^(1/3.02))) -> 261.4822 | BJ9: =IF(BW8<>1,"",IF(BT8>0,IF(BT8>CONTROL_PANEL!$B$11,CONTROL_PANEL!$B$11,BT8),0)) -> 39659872 | BK9: =IF(BW9<>1,"",0.6*(BI9-235)^2.02*10000) -> 4492814.5 | BL9: =IF(BW9<>1,"",DATA_INPUT!$I9) -> 0.78460202 | BM9: =IF(BW9<>1,"",BL9*CONTROL_PANEL!$B$5) -> 74458.732 | BN9: =IF(BW9<>1,"",DATA_INPUT!$C9) -> 72 | BO9: =IF(BW9<>1,"",(BN9*BK9)/1000) -> 323482.64 | BP9: =IF(BW9<>1,"",DATA_INPUT!$H9) -> 22.608353 | BQ9: =IF(BW9<>1,"",((BP9*BK9)/1000)) -> 101575.14 | BR9: =IF(BW9<>1,"",BM9*CONTROL_PANEL!$B$14) -> 5212.1112 | BS9: =IF(BW9<>1,"",DATA_INPUT!$N9) -> 0 | BT9: =IF(BW9<>1,"",(BJ9+BM9+BO9)-(BQ9+BS9+BR9)) -> 39951026 | BU9: =IF(BW9<>1,"",IF(BT9-CONTROL_PANEL!$B$11<0,0,BT9-CONTROL_PANEL!$B$11)) -> 0 | BV9: =IF(BW9<>1,"",IF(BS9<=0,0,MIN(BS9,MAX(0,CONTROL_PANEL!$B$13-BT9)))) -> 0 | BW9: 1 | BY9: 2016 | BZ9: 2 | CA9: =IF(CP9<>1,"",DAY(DATE(BY9,BZ9+1,))) -> 29 | CB9: =IF(CP8<>1,"",235+((CC9/1000/2)^(1/3.02))) -> 261.4822 | CC9: =IF(CP8<>1,"",IF(CM8>0,IF(CM8>CONTROL_PANEL!$B$11,CONTROL_PANEL!$B$11,CM8),0)) -> 39659872 | CD9: =IF(CP9<>1,"",0.6*(CB9-235)^2.02*10000) -> 4492814.5 | CE9: =IF(CP9<>1,"",DATA_INPUT!$I9) -> 0.78460202 | CF9: =IF(CP9<>1,"",CE9*CONTROL_PANEL!$B$5) -> 74458.732 | CG9: =IF(CP9<>1,"",DATA_INPUT!$C9) -> 72 | CH9: =IF(CP9<>1,"",(CG9*CD9)/1000) -> 323482.64 | CI9: =IF(CP9<>1,"",DATA_INPUT!$H9) -> 22.608353 | CJ9: =IF(CP9<>1,"",((CI9*CD9)/1000)) -> 101575.14 | CK9: =IF(CP9<>1,"",CF9*CONTROL_PANEL!$B$14) -> 5212.1112 | CL9: =IF(CP9<>1,"",DATA_INPUT!$O9) -> 0 | CM9: =IF(CP9<>1,"",(CC9+CF9+CH9)-(CJ9+CL9+CK9)) -> 39951026 | CN9: =IF(CP9<>1,"",IF(CM9-CONTROL_PANEL!$B$11<0,0,CM9-CONTROL_PANEL!$B$11)) -> 0 | CO9: =IF(CP9<>1,"",IF(CL9<=0,0,MIN(CL9,MAX(0,CONTROL_PANEL!$B$13-CM9)))) -> 0 | CP9: 1
A10: 2016 | B10: 3 | C10: =IF(R10<>1,"",DAY(DATE(A10,B10+1,))) -> 31 | D10: =IF(R9<>1,"",235+((E10/1000/2)^(1/3.02))) -> 261.54642 | E10: =IF(R9<>1,"",IF(O9>0,IF(O9>CONTROL_PANEL!$B$11,CONTROL_PANEL!$B$11,O9),0)) -> 39951026 | F10: =IF(R10<>1,"",0.6*(D10-235)^2.02*10000) -> 4514849.2 | G10: =IF(R10<>1,"",DATA_INPUT!I10) -> 5.8924163 | H10: =IF(R10<>1,"",G10*CONTROL_PANEL!$B$5) -> 559190.31 | I10: =IF(R10<>1,"",DATA_INPUT!C10) -> 29 | J10: =IF(R10<>1,"",(I10*F10)/1000) -> 130930.63 | K10: =IF(R10<>1,"",DATA_INPUT!H10) -> 38.783253 | L10: =IF(R10<>1,"",((K10*F10)/1000)) -> 175100.54 | M10: =IF(R10<>1,"",H10*CONTROL_PANEL!$B$14) -> 39143.322 | N10: =IF(R10<>1,"",DATA_INPUT!K10) -> 0 | O10: =IF(R10<>1,"",(E10+H10+J10)-(L10+N10+M10)) -> 40426903 | P10: =IF(R10<>1,"",IF(O10-CONTROL_PANEL!$B$11<0,0,O10-CONTROL_PANEL!$B$11)) -> 0 | Q10: =IF(R10<>1,"",IF(N10<=0,0,MIN(N10,MAX(0,CONTROL_PANEL!$B$13-O10)))) -> 0 | R10: 1 | T10: 2016 | U10: 3 | V10: =IF(AK10<>1,"",DAY(DATE(T10,U10+1,))) -> 31 | W10: =IF(AK9<>1,"",235+((X10/1000/2)^(1/3.02))) -> 261.54642 | X10: =IF(AK9<>1,"",IF(AH9>0,IF(AH9>CONTROL_PANEL!$B$11,CONTROL_PANEL!$B$11,AH9),0)) -> 39951026 | Y10: =IF(AK10<>1,"",0.6*(W10-235)^2.02*10000) -> 4514849.2 | Z10: =IF(AK10<>1,"",DATA_INPUT!I10) -> 5.8924163 | AA10: =IF(AK10<>1,"",Z10*CONTROL_PANEL!$B$5) -> 559190.31 | AB10: =IF(AK10<>1,"",DATA_INPUT!$C10) -> 29 | AC10: =IF(AK10<>1,"",(AB10*Y10)/1000) -> 130930.63 | AD10: =IF(AK10<>1,"",DATA_INPUT!$H10) -> 38.783253 | AE10: =IF(AK10<>1,"",((AD10*Y10)/1000)) -> 175100.54 | AF10: =IF(AK10<>1,"",AA10*CONTROL_PANEL!$B$14) -> 39143.322 | AG10: =IF(AK10<>1,"",DATA_INPUT!$L10) -> 0 | AH10: =IF(AK10<>1,"",(X10+AA10+AC10)-(AE10+AG10+AF10)) -> 40426903 | AI10: =IF(AK10<>1,"",IF(AH10-CONTROL_PANEL!$B$11<0,0,AH10-CONTROL_PANEL!$B$11)) -> 0 | AJ10: =IF(AK10<>1,"",IF(AG10<=0,0,MIN(AG10,MAX(0,CONTROL_PANEL!$B$13-AH10)))) -> 0 | AK10: 1 | AM10: 2016 | AN10: 3 | AO10: =IF(BD10<>1,"",DAY(DATE(AM10,AN10+1,))) -> 31 | AP10: =IF(BD9<>1,"",235+((AQ10/1000/2)^(1/3.02))) -> 261.54642 | AQ10: =IF(BD9<>1,"",IF(BA9>0,IF(BA9>CONTROL_PANEL!$B$11,CONTROL_PANEL!$B$11,BA9),0)) -> 39951026 | AR10: =IF(BD10<>1,"",0.6*(AP10-235)^2.02*10000) -> 4514849.2 | AS10: =IF(BD10<>1,"",DATA_INPUT!$I10) -> 5.8924163 | AT10: =IF(BD10<>1,"",AS10*CONTROL_PANEL!$B$5) -> 559190.31 | AU10: =IF(BD10<>1,"",DATA_INPUT!$C10) -> 29 | AV10: =IF(BD10<>1,"",(AU10*AR10)/1000) -> 130930.63 | AW10: =IF(BD10<>1,"",DATA_INPUT!$H10) -> 38.783253 | AX10: =IF(BD10<>1,"",((AW10*AR10)/1000)) -> 175100.54 | AY10: =IF(BD10<>1,"",AT10*CONTROL_PANEL!$B$14) -> 39143.322 | AZ10: =IF(BD10<>1,"",DATA_INPUT!$M10) -> 0 | BA10: =IF(BD10<>1,"",(AQ10+AT10+AV10)-(AX10+AZ10+AY10)) -> 40426903 | BB10: =IF(BD10<>1,"",IF(BA10-CONTROL_PANEL!$B$11<0,0,BA10-CONTROL_PANEL!$B$11)) -> 0 | BC10: =IF(BD10<>1,"",IF(AZ10<=0,0,MIN(AZ10,MAX(0,CONTROL_PANEL!$B$13-BA10)))) -> 0 | BD10: 1 | BF10: 2016 | BG10: 3 | BH10: =IF(BW10<>1,"",DAY(DATE(BF10,BG10+1,))) -> 31 | BI10: =IF(BW9<>1,"",235+((BJ10/1000/2)^(1/3.02))) -> 261.54642 | BJ10: =IF(BW9<>1,"",IF(BT9>0,IF(BT9>CONTROL_PANEL!$B$11,CONTROL_PANEL!$B$11,BT9),0)) -> 39951026 | BK10: =IF(BW10<>1,"",0.6*(BI10-235)^2.02*10000) -> 4514849.2 | BL10: =IF(BW10<>1,"",DATA_INPUT!$I10) -> 5.8924163 | BM10: =IF(BW10<>1,"",BL10*CONTROL_PANEL!$B$5) -> 559190.31 | BN10: =IF(BW10<>1,"",DATA_INPUT!$C10) -> 29 | BO10: =IF(BW10<>1,"",(BN10*BK10)/1000) -> 130930.63 | BP10: =IF(BW10<>1,"",DATA_INPUT!$H10) -> 38.783253 | BQ10: =IF(BW10<>1,"",((BP10*BK10)/1000)) -> 175100.54 | BR10: =IF(BW10<>1,"",BM10*CONTROL_PANEL!$B$14) -> 39143.322 | BS10: =IF(BW10<>1,"",DATA_INPUT!$N10) -> 0 | BT10: =IF(BW10<>1,"",(BJ10+BM10+BO10)-(BQ10+BS10+BR10)) -> 40426903 | BU10: =IF(BW10<>1,"",IF(BT10-CONTROL_PANEL!$B$11<0,0,BT10-CONTROL_PANEL!$B$11)) -> 0 | BV10: =IF(BW10<>1,"",IF(BS10<=0,0,MIN(BS10,MAX(0,CONTROL_PANEL!$B$13-BT10)))) -> 0 | BW10: 1 | BY10: 2016 | BZ10: 3 | CA10: =IF(CP10<>1,"",DAY(DATE(BY10,BZ10+1,))) -> 31 | CB10: =IF(CP9<>1,"",235+((CC10/1000/2)^(1/3.02))) -> 261.54642 | CC10: =IF(CP9<>1,"",IF(CM9>0,IF(CM9>CONTROL_PANEL!$B$11,CONTROL_PANEL!$B$11,CM9),0)) -> 39951026 | CD10: =IF(CP10<>1,"",0.6*(CB10-235)^2.02*10000) -> 4514849.2 | CE10: =IF(CP10<>1,"",DATA_INPUT!$I10) -> 5.8924163 | CF10: =IF(CP10<>1,"",CE10*CONTROL_PANEL!$B$5) -> 559190.31 | CG10: =IF(CP10<>1,"",DATA_INPUT!$C10) -> 29 | CH10: =IF(CP10<>1,"",(CG10*CD10)/1000) -> 130930.63 | CI10: =IF(CP10<>1,"",DATA_INPUT!$H10) -> 38.783253 | CJ10: =IF(CP10<>1,"",((CI10*CD10)/1000)) -> 175100.54 | CK10: =IF(CP10<>1,"",CF10*CONTROL_PANEL!$B$14) -> 39143.322 | CL10: =IF(CP10<>1,"",DATA_INPUT!$O10) -> 0 | CM10: =IF(CP10<>1,"",(CC10+CF10+CH10)-(CJ10+CL10+CK10)) -> 40426903 | CN10: =IF(CP10<>1,"",IF(CM10-CONTROL_PANEL!$B$11<0,0,CM10-CONTROL_PANEL!$B$11)) -> 0 | CO10: =IF(CP10<>1,"",IF(CL10<=0,0,MIN(CL10,MAX(0,CONTROL_PANEL!$B$13-CM10)))) -> 0 | CP10: 1
A11: 2016 | B11: 4 | C11: =IF(R11<>1,"",DAY(DATE(A11,B11+1,))) -> 30 | D11: =IF(R10<>1,"",235+((E11/1000/2)^(1/3.02))) -> 261.65071 | E11: =IF(R10<>1,"",IF(O10>0,IF(O10>CONTROL_PANEL!$B$11,CONTROL_PANEL!$B$11,O10),0)) -> 40426903 | F11: =IF(R11<>1,"",0.6*(D11-235)^2.02*10000) -> 4550749.8 | G11: =IF(R11<>1,"",DATA_INPUT!I11) -> 8.0845783 | H11: =IF(R11<>1,"",G11*CONTROL_PANEL!$B$5) -> 767226.48 | I11: =IF(R11<>1,"",DATA_INPUT!C11) -> 110 | J11: =IF(R11<>1,"",(I11*F11)/1000) -> 500582.48 | K11: =IF(R11<>1,"",DATA_INPUT!H11) -> 68.133038 | L11: =IF(R11<>1,"",((K11*F11)/1000)) -> 310056.41 | M11: =IF(R11<>1,"",H11*CONTROL_PANEL!$B$14) -> 53705.854 | N11: =IF(R11<>1,"",DATA_INPUT!K11) -> 25674.231 | O11: =IF(R11<>1,"",(E11+H11+J11)-(L11+N11+M11)) -> 41305276 | P11: =IF(R11<>1,"",IF(O11-CONTROL_PANEL!$B$11<0,0,O11-CONTROL_PANEL!$B$11)) -> 0 | Q11: =IF(R11<>1,"",IF(N11<=0,0,MIN(N11,MAX(0,CONTROL_PANEL!$B$13-O11)))) -> 0 | R11: 1 | T11: 2016 | U11: 4 | V11: =IF(AK11<>1,"",DAY(DATE(T11,U11+1,))) -> 30 | W11: =IF(AK10<>1,"",235+((X11/1000/2)^(1/3.02))) -> 261.65071 | X11: =IF(AK10<>1,"",IF(AH10>0,IF(AH10>CONTROL_PANEL!$B$11,CONTROL_PANEL!$B$11,AH10),0)) -> 40426903 | Y11: =IF(AK11<>1,"",0.6*(W11-235)^2.02*10000) -> 4550749.8 | Z11: =IF(AK11<>1,"",DATA_INPUT!I11) -> 8.0845783 | AA11: =IF(AK11<>1,"",Z11*CONTROL_PANEL!$B$5) -> 767226.48 | AB11: =IF(AK11<>1,"",DATA_INPUT!$C11) -> 110 | AC11: =IF(AK11<>1,"",(AB11*Y11)/1000) -> 500582.48 | AD11: =IF(AK11<>1,"",DATA_INPUT!$H11) -> 68.133038 | AE11: =IF(AK11<>1,"",((AD11*Y11)/1000)) -> 310056.41 | AF11: =IF(AK11<>1,"",AA11*CONTROL_PANEL!$B$14) -> 53705.854 | AG11: =IF(AK11<>1,"",DATA_INPUT!$L11) -> 32339.153 | AH11: =IF(AK11<>1,"",(X11+AA11+AC11)-(AE11+AG11+AF11)) -> 41298611 | AI11: =IF(AK11<>1,"",IF(AH11-CONTROL_PANEL!$B$11<0,0,AH11-CONTROL_PANEL!$B$11)) -> 0 | AJ11: =IF(AK11<>1,"",IF(AG11<=0,0,MIN(AG11,MAX(0,CONTROL_PANEL!$B$13-AH11)))) -> 0 | AK11: 1 | AM11: 2016 | AN11: 4 | AO11: =IF(BD11<>1,"",DAY(DATE(AM11,AN11+1,))) -> 30 | AP11: =IF(BD10<>1,"",235+((AQ11/1000/2)^(1/3.02))) -> 261.65071 | AQ11: =IF(BD10<>1,"",IF(BA10>0,IF(BA10>CONTROL_PANEL!$B$11,CONTROL_PANEL!$B$11,BA10),0)) -> 40426903 | AR11: =IF(BD11<>1,"",0.6*(AP11-235)^2.02*10000) -> 4550749.8 | AS11: =IF(BD11<>1,"",DATA_INPUT!$I11) -> 8.0845783 | AT11: =IF(BD11<>1,"",AS11*CONTROL_PANEL!$B$5) -> 767226.48 | AU11: =IF(BD11<>1,"",DATA_INPUT!$C11) -> 110 | AV11: =IF(BD11<>1,"",(AU11*AR11)/1000) -> 500582.48 | AW11: =IF(BD11<>1,"",DATA_INPUT!$H11) -> 68.133038 | AX11: =IF(BD11<>1,"",((AW11*AR11)/1000)) -> 310056.41 | AY11: =IF(BD11<>1,"",AT11*CONTROL_PANEL!$B$14) -> 53705.854 | AZ11: =IF(BD11<>1,"",DATA_INPUT!$M11) -> 21896.076 | BA11: =IF(BD11<>1,"",(AQ11+AT11+AV11)-(AX11+AZ11+AY11)) -> 41309054 | BB11: =IF(BD11<>1,"",IF(BA11-CONTROL_PANEL!$B$11<0,0,BA11-CONTROL_PANEL!$B$11)) -> 0 | BC11: =IF(BD11<>1,"",IF(AZ11<=0,0,MIN(AZ11,MAX(0,CONTROL_PANEL!$B$13-BA11)))) -> 0 | BD11: 1 | BF11: 2016 | BG11: 4 | BH11: =IF(BW11<>1,"",DAY(DATE(BF11,BG11+1,))) -> 30 | BI11: =IF(BW10<>1,"",235+((BJ11/1000/2)^(1/3.02))) -> 261.65071 | BJ11: =IF(BW10<>1,"",IF(BT10>0,IF(BT10>CONTROL_PANEL!$B$11,CONTROL_PANEL!$B$11,BT10),0)) -> 40426903 | BK11: =IF(BW11<>1,"",0.6*(BI11-235)^2.02*10000) -> 4550749.8 | BL11: =IF(BW11<>1,"",DATA_INPUT!$I11) -> 8.0845783 | BM11: =IF(BW11<>1,"",BL11*CONTROL_PANEL!$B$5) -> 767226.48 | BN11: =IF(BW11<>1,"",DATA_INPUT!$C11) -> 110 | BO11: =IF(BW11<>1,"",(BN11*BK11)/1000) -> 500582.48 | BP11: =IF(BW11<>1,"",DATA_INPUT!$H11) -> 68.133038 | BQ11: =IF(BW11<>1,"",((BP11*BK11)/1000)) -> 310056.41 | BR11: =IF(BW11<>1,"",BM11*CONTROL_PANEL!$B$14) -> 53705.854 | BS11: =IF(BW11<>1,"",DATA_INPUT!$N11) -> 13785.315 | BT11: =IF(BW11<>1,"",(BJ11+BM11+BO11)-(BQ11+BS11+BR11)) -> 41317165 | BU11: =IF(BW11<>1,"",IF(BT11-CONTROL_PANEL!$B$11<0,0,BT11-CONTROL_PANEL!$B$11)) -> 0 | BV11: =IF(BW11<>1,"",IF(BS11<=0,0,MIN(BS11,MAX(0,CONTROL_PANEL!$B$13-BT11)))) -> 0 | BW11: 1 | BY11: 2016 | BZ11: 4 | CA11: =IF(CP11<>1,"",DAY(DATE(BY11,BZ11+1,))) -> 30 | CB11: =IF(CP10<>1,"",235+((CC11/1000/2)^(1/3.02))) -> 261.65071 | CC11: =IF(CP10<>1,"",IF(CM10>0,IF(CM10>CONTROL_PANEL!$B$11,CONTROL_PANEL!$B$11,CM10),0)) -> 40426903 | CD11: =IF(CP11<>1,"",0.6*(CB11-235)^2.02*10000) -> 4550749.8 | CE11: =IF(CP11<>1,"",DATA_INPUT!$I11) -> 8.0845783 | CF11: =IF(CP11<>1,"",CE11*CONTROL_PANEL!$B$5) -> 767226.48 | CG11: =IF(CP11<>1,"",DATA_INPUT!$C11) -> 110 | CH11: =IF(CP11<>1,"",(CG11*CD11)/1000) -> 500582.48 | CI11: =IF(CP11<>1,"",DATA_INPUT!$H11) -> 68.133038 | CJ11: =IF(CP11<>1,"",((CI11*CD11)/1000)) -> 310056.41 | CK11: =IF(CP11<>1,"",CF11*CONTROL_PANEL!$B$14) -> 53705.854 | CL11: =IF(CP11<>1,"",DATA_INPUT!$O11) -> 15785.605 | CM11: =IF(CP11<>1,"",(CC11+CF11+CH11)-(CJ11+CL11+CK11)) -> 41315165 | CN11: =IF(CP11<>1,"",IF(CM11-CONTROL_PANEL!$B$11<0,0,CM11-CONTROL_PANEL!$B$11)) -> 0 | CO11: =IF(CP11<>1,"",IF(CL11<=0,0,MIN(CL11,MAX(0,CONTROL_PANEL!$B$13-CM11)))) -> 0 | CP11: 1
A12: 2016 | B12: 5 | C12: =IF(R12<>1,"",DAY(DATE(A12,B12+1,))) -> 31 | D12: =IF(R11<>1,"",235+((E12/1000/2)^(1/3.02))) -> 261.84107 | E12: =IF(R11<>1,"",IF(O11>0,IF(O11>CONTROL_PANEL!$B$11,CONTROL_PANEL!$B$11,O11),0)) -> 41305276 | F12: =IF(R12<>1,"",0.6*(D12-235)^2.02*10000) -> 4616649.9 | G12: =IF(R12<>1,"",DATA_INPUT!I12) -> 2.7629512 | H12: =IF(R12<>1,"",G12*CONTROL_PANEL!$B$5) -> 262204.07 | I12: =IF(R12<>1,"",DATA_INPUT!C12) -> 110 | J12: =IF(R12<>1,"",(I12*F12)/1000) -> 507831.48 | K12: =IF(R12<>1,"",DATA_INPUT!H12) -> 83.602588 | L12: =IF(R12<>1,"",((K12*F12)/1000)) -> 385963.87 | M12: =IF(R12<>1,"",H12*CONTROL_PANEL!$B$14) -> 18354.285 | N12: =IF(R12<>1,"",DATA_INPUT!K12) -> 90918.576 | O12: =IF(R12<>1,"",(E12+H12+J12)-(L12+N12+M12)) -> 41580075 | P12: =IF(R12<>1,"",IF(O12-CONTROL_PANEL!$B$11<0,0,O12-CONTROL_PANEL!$B$11)) -> 0 | Q12: =IF(R12<>1,"",IF(N12<=0,0,MIN(N12,MAX(0,CONTROL_PANEL!$B$13-O12)))) -> 0 | R12: 1 | T12: 2016 | U12: 5 | V12: =IF(AK12<>1,"",DAY(DATE(T12,U12+1,))) -> 31 | W12: =IF(AK11<>1,"",235+((X12/1000/2)^(1/3.02))) -> 261.83964 | X12: =IF(AK11<>1,"",IF(AH11>0,IF(AH11>CONTROL_PANEL!$B$11,CONTROL_PANEL!$B$11,AH11),0)) -> 41298611 | Y12: =IF(AK12<>1,"",0.6*(W12-235)^2.02*10000) -> 4616151.6 | Z12: =IF(AK12<>1,"",DATA_INPUT!I12) -> 2.7629512 | AA12: =IF(AK12<>1,"",Z12*CONTROL_PANEL!$B$5) -> 262204.07 | AB12: =IF(AK12<>1,"",DATA_INPUT!$C12) -> 110 | AC12: =IF(AK12<>1,"",(AB12*Y12)/1000) -> 507776.67 | AD12: =IF(AK12<>1,"",DATA_INPUT!$H12) -> 83.602588 | AE12: =IF(AK12<>1,"",((AD12*Y12)/1000)) -> 385922.22 | AF12: =IF(AK12<>1,"",AA12*CONTROL_PANEL!$B$14) -> 18354.285 | AG12: =IF(AK12<>1,"",DATA_INPUT!$L12) -> 115730.36 | AH12: =IF(AK12<>1,"",(X12+AA12+AC12)-(AE12+AG12+AF12)) -> 41548585 | AI12: =IF(AK12<>1,"",IF(AH12-CONTROL_PANEL!$B$11<0,0,AH12-CONTROL_PANEL!$B$11)) -> 0 | AJ12: =IF(AK12<>1,"",IF(AG12<=0,0,MIN(AG12,MAX(0,CONTROL_PANEL!$B$13-AH12)))) -> 0 | AK12: 1 | AM12: 2016 | AN12: 5 | AO12: =IF(BD12<>1,"",DAY(DATE(AM12,AN12+1,))) -> 31 | AP12: =IF(BD11<>1,"",235+((AQ12/1000/2)^(1/3.02))) -> 261.84188 | AQ12: =IF(BD11<>1,"",IF(BA11>0,IF(BA11>CONTROL_PANEL!$B$11,CONTROL_PANEL!$B$11,BA11),0)) -> 41309054 | AR12: =IF(BD12<>1,"",0.6*(AP12-235)^2.02*10000) -> 4616932.3 | AS12: =IF(BD12<>1,"",DATA_INPUT!$I12) -> 2.7629512 | AT12: =IF(BD12<>1,"",AS12*CONTROL_PANEL!$B$5) -> 262204.07 | AU12: =IF(BD12<>1,"",DATA_INPUT!$C12) -> 110 | AV12: =IF(BD12<>1,"",(AU12*AR12)/1000) -> 507862.55 | AW12: =IF(BD12<>1,"",DATA_INPUT!$H12) -> 83.602588 | AX12: =IF(BD12<>1,"",((AW12*AR12)/1000)) -> 385987.49 | AY12: =IF(BD12<>1,"",AT12*CONTROL_PANEL!$B$14) -> 18354.285 | AZ12: =IF(BD12<>1,"",DATA_INPUT!$M12) -> 66127.399 | BA12: =IF(BD12<>1,"",(AQ12+AT12+AV12)-(AX12+AZ12+AY12)) -> 41608652 | BB12: =IF(BD12<>1,"",IF(BA12-CONTROL_PANEL!$B$11<0,0,BA12-CONTROL_PANEL!$B$11)) -> 0 | BC12: =IF(BD12<>1,"",IF(AZ12<=0,0,MIN(AZ12,MAX(0,CONTROL_PANEL!$B$13-BA12)))) -> 0 | BD12: 1 | BF12: 2016 | BG12: 5 | BH12: =IF(BW12<>1,"",DAY(DATE(BF12,BG12+1,))) -> 31 | BI12: =IF(BW11<>1,"",235+((BJ12/1000/2)^(1/3.02))) -> 261.84363 | BJ12: =IF(BW11<>1,"",IF(BT11>0,IF(BT11>CONTROL_PANEL!$B$11,CONTROL_PANEL!$B$11,BT11),0)) -> 41317165 | BK12: =IF(BW12<>1,"",0.6*(BI12-235)^2.02*10000) -> 4617538.6 | BL12: =IF(BW12<>1,"",DATA_INPUT!$I12) -> 2.7629512 | BM12: =IF(BW12<>1,"",BL12*CONTROL_PANEL!$B$5) -> 262204.07 | BN12: =IF(BW12<>1,"",DATA_INPUT!$C12) -> 110 | BO12: =IF(BW12<>1,"",(BN12*BK12)/1000) -> 507929.25 | BP12: =IF(BW12<>1,"",DATA_INPUT!$H12) -> 83.602588 | BQ12: =IF(BW12<>1,"",((BP12*BK12)/1000)) -> 386038.18 | BR12: =IF(BW12<>1,"",BM12*CONTROL_PANEL!$B$14) -> 18354.285 | BS12: =IF(BW12<>1,"",DATA_INPUT!$N12) -> 27068.123 | BT12: =IF(BW12<>1,"",(BJ12+BM12+BO12)-(BQ12+BS12+BR12)) -> 41655838 | BU12: =IF(BW12<>1,"",IF(BT12-CONTROL_PANEL!$B$11<0,0,BT12-CONTROL_PANEL!$B$11)) -> 0 | BV12: =IF(BW12<>1,"",IF(BS12<=0,0,MIN(BS12,MAX(0,CONTROL_PANEL!$B$13-BT12)))) -> 0 | BW12: 1 | BY12: 2016 | BZ12: 5 | CA12: =IF(CP12<>1,"",DAY(DATE(BY12,BZ12+1,))) -> 31 | CB12: =IF(CP11<>1,"",235+((CC12/1000/2)^(1/3.02))) -> 261.8432 | CC12: =IF(CP11<>1,"",IF(CM11>0,IF(CM11>CONTROL_PANEL!$B$11,CONTROL_PANEL!$B$11,CM11),0)) -> 41315165 | CD12: =IF(CP12<>1,"",0.6*(CB12-235)^2.02*10000) -> 4617389.1 | CE12: =IF(CP12<>1,"",DATA_INPUT!$I12) -> 2.7629512 | CF12: =IF(CP12<>1,"",CE12*CONTROL_PANEL!$B$5) -> 262204.07 | CG12: =IF(CP12<>1,"",DATA_INPUT!$C12) -> 110 | CH12: =IF(CP12<>1,"",(CG12*CD12)/1000) -> 507912.8 | CI12: =IF(CP12<>1,"",DATA_INPUT!$H12) -> 83.602588 | CJ12: =IF(CP12<>1,"",((CI12*CD12)/1000)) -> 386025.68 | CK12: =IF(CP12<>1,"",CF12*CONTROL_PANEL!$B$14) -> 18354.285 | CL12: =IF(CP12<>1,"",DATA_INPUT!$O12) -> 30792.539 | CM12: =IF(CP12<>1,"",(CC12+CF12+CH12)-(CJ12+CL12+CK12)) -> 41650109 | CN12: =IF(CP12<>1,"",IF(CM12-CONTROL_PANEL!$B$11<0,0,CM12-CONTROL_PANEL!$B$11)) -> 0 | CO12: =IF(CP12<>1,"",IF(CL12<=0,0,MIN(CL12,MAX(0,CONTROL_PANEL!$B$13-CM12)))) -> 0 | CP12: 1
A13: 2016 | B13: 6 | C13: =IF(R13<>1,"",DAY(DATE(A13,B13+1,))) -> 30 | D13: =IF(R12<>1,"",235+((E13/1000/2)^(1/3.02))) -> 261.90007 | E13: =IF(R12<>1,"",IF(O12>0,IF(O12>CONTROL_PANEL!$B$11,CONTROL_PANEL!$B$11,O12),0)) -> 41580075 | F13: =IF(R13<>1,"",0.6*(D13-235)^2.02*10000) -> 4637171.1 | G13: =IF(R13<>1,"",DATA_INPUT!I13) -> 0.41207547 | H13: =IF(R13<>1,"",G13*CONTROL_PANEL!$B$5) -> 39105.962 | I13: =IF(R13<>1,"",DATA_INPUT!C13) -> 0.22064 | J13: =IF(R13<>1,"",(I13*F13)/1000) -> 1023.1454 | K13: =IF(R13<>1,"",DATA_INPUT!H13) -> 165.76647 | L13: =IF(R13<>1,"",((K13*F13)/1000)) -> 768687.47 | M13: =IF(R13<>1,"",H13*CONTROL_PANEL!$B$14) -> 2737.4173 | N13: =IF(R13<>1,"",DATA_INPUT!K13) -> 883210.26 | O13: =IF(R13<>1,"",(E13+H13+J13)-(L13+N13+M13)) -> 39965569 | P13: =IF(R13<>1,"",IF(O13-CONTROL_PANEL!$B$11<0,0,O13-CONTROL_PANEL!$B$11)) -> 0 | Q13: =IF(R13<>1,"",IF(N13<=0,0,MIN(N13,MAX(0,CONTROL_PANEL!$B$13-O13)))) -> 0 | R13: 1 | T13: 2016 | U13: 6 | V13: =IF(AK13<>1,"",DAY(DATE(T13,U13+1,))) -> 30 | W13: =IF(AK12<>1,"",235+((X13/1000/2)^(1/3.02))) -> 261.89332 | X13: =IF(AK12<>1,"",IF(AH12>0,IF(AH12>CONTROL_PANEL!$B$11,CONTROL_PANEL!$B$11,AH12),0)) -> 41548585 | Y13: =IF(AK13<>1,"",0.6*(W13-235)^2.02*10000) -> 4634821.8 | Z13: =IF(AK13<>1,"",DATA_INPUT!I13) -> 0.41207547 | AA13: =IF(AK13<>1,"",Z13*CONTROL_PANEL!$B$5) -> 39105.962 | AB13: =IF(AK13<>1,"",DATA_INPUT!$C13) -> 0.22064 | AC13: =IF(AK13<>1,"",(AB13*Y13)/1000) -> 1022.6271 | AD13: =IF(AK13<>1,"",DATA_INPUT!$H13) -> 165.76647 | AE13: =IF(AK13<>1,"",((AD13*Y13)/1000)) -> 768298.03 | AF13: =IF(AK13<>1,"",AA13*CONTROL_PANEL!$B$14) -> 2737.4173 | AG13: =IF(AK13<>1,"",DATA_INPUT!$L13) -> 1124425.4 | AH13: =IF(AK13<>1,"",(X13+AA13+AC13)-(AE13+AG13+AF13)) -> 39693253 | AI13: =IF(AK13<>1,"",IF(AH13-CONTROL_PANEL!$B$11<0,0,AH13-CONTROL_PANEL!$B$11)) -> 0 | AJ13: =IF(AK13<>1,"",IF(AG13<=0,0,MIN(AG13,MAX(0,CONTROL_PANEL!$B$13-AH13)))) -> 0 | AK13: 1 | AM13: 2016 | AN13: 6 | AO13: =IF(BD13<>1,"",DAY(DATE(AM13,AN13+1,))) -> 30 | AP13: =IF(BD12<>1,"",235+((AQ13/1000/2)^(1/3.02))) -> 261.90619 | AQ13: =IF(BD12<>1,"",IF(BA12>0,IF(BA12>CONTROL_PANEL!$B$11,CONTROL_PANEL!$B$11,BA12),0)) -> 41608652 | AR13: =IF(BD13<>1,"",0.6*(AP13-235)^2.02*10000) -> 4639302.5 | AS13: =IF(BD13<>1,"",DATA_INPUT!$I13) -> 0.41207547 | AT13: =IF(BD13<>1,"",AS13*CONTROL_PANEL!$B$5) -> 39105.962 | AU13: =IF(BD13<>1,"",DATA_INPUT!$C13) -> 0.22064 | AV13: =IF(BD13<>1,"",(AU13*AR13)/1000) -> 1023.6157 | AW13: =IF(BD13<>1,"",DATA_INPUT!$H13) -> 165.76647 | AX13: =IF(BD13<>1,"",((AW13*AR13)/1000)) -> 769040.79 | AY13: =IF(BD13<>1,"",AT13*CONTROL_PANEL!$B$14) -> 2737.4173 | AZ13: =IF(BD13<>1,"",DATA_INPUT!$M13) -> 909970.22 | BA13: =IF(BD13<>1,"",(AQ13+AT13+AV13)-(AX13+AZ13+AY13)) -> 39967033 | BB13: =IF(BD13<>1,"",IF(BA13-CONTROL_PANEL!$B$11<0,0,BA13-CONTROL_PANEL!$B$11)) -> 0 | BC13: =IF(BD13<>1,"",IF(AZ13<=0,0,MIN(AZ13,MAX(0,CONTROL_PANEL!$B$13-BA13)))) -> 0 | BD13: 1 | BF13: 2016 | BG13: 6 | BH13: =IF(BW13<>1,"",DAY(DATE(BF13,BG13+1,))) -> 30 | BI13: =IF(BW12<>1,"",235+((BJ13/1000/2)^(1/3.02))) -> 261.91629 | BJ13: =IF(BW12<>1,"",IF(BT12>0,IF(BT12>CONTROL_PANEL!$B$11,CONTROL_PANEL!$B$11,BT12),0)) -> 41655838 | BK13: =IF(BW13<>1,"",0.6*(BI13-235)^2.02*10000) -> 4642820.9 | BL13: =IF(BW13<>1,"",DATA_INPUT!$I13) -> 0.41207547 | BM13: =IF(BW13<>1,"",BL13*CONTROL_PANEL!$B$5) -> 39105.962 | BN13: =IF(BW13<>1,"",DATA_INPUT!$C13) -> 0.22064 | BO13: =IF(BW13<>1,"",(BN13*BK13)/1000) -> 1024.392 | BP13: =IF(BW13<>1,"",DATA_INPUT!$H13) -> 165.76647 | BQ13: =IF(BW13<>1,"",((BP13*BK13)/1000)) -> 769624.03 | BR13: =IF(BW13<>1,"",BM13*CONTROL_PANEL!$B$14) -> 2737.4173 | BS13: =IF(BW13<>1,"",DATA_INPUT!$N13) -> 759905.43 | BT13: =IF(BW13<>1,"",(BJ13+BM13+BO13)-(BQ13+BS13+BR13)) -> 40163701 | BU13: =IF(BW13<>1,"",IF(BT13-CONTROL_PANEL!$B$11<0,0,BT13-CONTROL_PANEL!$B$11)) -> 0 | BV13: =IF(BW13<>1,"",IF(BS13<=0,0,MIN(BS13,MAX(0,CONTROL_PANEL!$B$13-BT13)))) -> 0 | BW13: 1 | BY13: 2016 | BZ13: 6 | CA13: =IF(CP13<>1,"",DAY(DATE(BY13,BZ13+1,))) -> 30 | CB13: =IF(CP12<>1,"",235+((CC13/1000/2)^(1/3.02))) -> 261.91506 | CC13: =IF(CP12<>1,"",IF(CM12>0,IF(CM12>CONTROL_PANEL!$B$11,CONTROL_PANEL!$B$11,CM12),0)) -> 41650109 | CD13: =IF(CP13<>1,"",0.6*(CB13-235)^2.02*10000) -> 4642393.9 | CE13: =IF(CP13<>1,"",DATA_INPUT!$I13) -> 0.41207547 | CF13: =IF(CP13<>1,"",CE13*CONTROL_PANEL!$B$5) -> 39105.962 | CG13: =IF(CP13<>1,"",DATA_INPUT!$C13) -> 0.22064 | CH13: =IF(CP13<>1,"",(CG13*CD13)/1000) -> 1024.2978 | CI13: =IF(CP13<>1,"",DATA_INPUT!$H13) -> 165.76647 | CJ13: =IF(CP13<>1,"",((CI13*CD13)/1000)) -> 769553.23 | CK13: =IF(CP13<>1,"",CF13*CONTROL_PANEL!$B$14) -> 2737.4173 | CL13: =IF(CP13<>1,"",DATA_INPUT!$O13) -> 872339.75 | CM13: =IF(CP13<>1,"",(CC13+CF13+CH13)-(CJ13+CL13+CK13)) -> 40045609 | CN13: =IF(CP13<>1,"",IF(CM13-CONTROL_PANEL!$B$11<0,0,CM13-CONTROL_PANEL!$B$11)) -> 0 | CO13: =IF(CP13<>1,"",IF(CL13<=0,0,MIN(CL13,MAX(0,CONTROL_PANEL!$B$13-CM13)))) -> 0 | CP13: 1
A14: 2016 | B14: 7 | C14: =IF(R14<>1,"",DAY(DATE(A14,B14+1,))) -> 31 | D14: =IF(R13<>1,"",235+((E14/1000/2)^(1/3.02))) -> 261.54962 | E14: =IF(R13<>1,"",IF(O13>0,IF(O13>CONTROL_PANEL!$B$11,CONTROL_PANEL!$B$11,O13),0)) -> 39965569 | F14: =IF(R14<>1,"",0.6*(D14-235)^2.02*10000) -> 4515948.4 | G14: =IF(R14<>1,"",DATA_INPUT!I14) -> 0.057050426 | H14: =IF(R14<>1,"",G14*CONTROL_PANEL!$B$5) -> 5414.0854 | I14: =IF(R14<>1,"",DATA_INPUT!C14) -> 6.2333333 | J14: =IF(R14<>1,"",(I14*F14)/1000) -> 28149.412 | K14: =IF(R14<>1,"",DATA_INPUT!H14) -> 205.18863 | L14: =IF(R14<>1,"",((K14*F14)/1000)) -> 926621.26 | M14: =IF(R14<>1,"",H14*CONTROL_PANEL!$B$14) -> 378.98598 | N14: =IF(R14<>1,"",DATA_INPUT!K14) -> 1549942.8 | O14: =IF(R14<>1,"",(E14+H14+J14)-(L14+N14+M14)) -> 37522189 | P14: =IF(R14<>1,"",IF(O14-CONTROL_PANEL!$B$11<0,0,O14-CONTROL_PANEL!$B$11)) -> 0 | Q14: =IF(R14<>1,"",IF(N14<=0,0,MIN(N14,MAX(0,CONTROL_PANEL!$B$13-O14)))) -> 0 | R14: 1 | T14: 2016 | U14: 7 | V14: =IF(AK14<>1,"",DAY(DATE(T14,U14+1,))) -> 31 | W14: =IF(AK13<>1,"",235+((X14/1000/2)^(1/3.02))) -> 261.48958 | X14: =IF(AK13<>1,"",IF(AH13>0,IF(AH13>CONTROL_PANEL!$B$11,CONTROL_PANEL!$B$11,AH13),0)) -> 39693253 | Y14: =IF(AK14<>1,"",0.6*(W14-235)^2.02*10000) -> 4495343.5 | Z14: =IF(AK14<>1,"",DATA_INPUT!I14) -> 0.057050426 | AA14: =IF(AK14<>1,"",Z14*CONTROL_PANEL!$B$5) -> 5414.0854 | AB14: =IF(AK14<>1,"",DATA_INPUT!$C14) -> 6.2333333 | AC14: =IF(AK14<>1,"",(AB14*Y14)/1000) -> 28020.974 | AD14: =IF(AK14<>1,"",DATA_INPUT!$H14) -> 205.18863 | AE14: =IF(AK14<>1,"",((AD14*Y14)/1000)) -> 922393.36 | AF14: =IF(AK14<>1,"",AA14*CONTROL_PANEL!$B$14) -> 378.98598 | AG14: =IF(AK14<>1,"",DATA_INPUT!$L14) -> 1973736 | AH14: =IF(AK14<>1,"",(X14+AA14+AC14)-(AE14+AG14+AF14)) -> 36830179 | AI14: =IF(AK14<>1,"",IF(AH14-CONTROL_PANEL!$B$11<0,0,AH14-CONTROL_PANEL!$B$11)) -> 0 | AJ14: =IF(AK14<>1,"",IF(AG14<=0,0,MIN(AG14,MAX(0,CONTROL_PANEL!$B$13-AH14)))) -> 0 | AK14: 1 | AM14: 2016 | AN14: 7 | AO14: =IF(BD14<>1,"",DAY(DATE(AM14,AN14+1,))) -> 31 | AP14: =IF(BD13<>1,"",235+((AQ14/1000/2)^(1/3.02))) -> 261.54994 | AQ14: =IF(BD13<>1,"",IF(BA13>0,IF(BA13>CONTROL_PANEL!$B$11,CONTROL_PANEL!$B$11,BA13),0)) -> 39967033 | AR14: =IF(BD14<>1,"",0.6*(AP14-235)^2.02*10000) -> 4516059.1 | AS14: =IF(BD14<>1,"",DATA_INPUT!$I14) -> 0.057050426 | AT14: =IF(BD14<>1,"",AS14*CONTROL_PANEL!$B$5) -> 5414.0854 | AU14: =IF(BD14<>1,"",DATA_INPUT!$C14) -> 6.2333333 | AV14: =IF(BD14<>1,"",(AU14*AR14)/1000) -> 28150.102 | AW14: =IF(BD14<>1,"",DATA_INPUT!$H14) -> 205.18863 | AX14: =IF(BD14<>1,"",((AW14*AR14)/1000)) -> 926643.96 | AY14: =IF(BD14<>1,"",AT14*CONTROL_PANEL!$B$14) -> 378.98598 | AZ14: =IF(BD14<>1,"",DATA_INPUT!$M14) -> 1708167.8 | BA14: =IF(BD14<>1,"",(AQ14+AT14+AV14)-(AX14+AZ14+AY14)) -> 37365406 | BB14: =IF(BD14<>1,"",IF(BA14-CONTROL_PANEL!$B$11<0,0,BA14-CONTROL_PANEL!$B$11)) -> 0 | BC14: =IF(BD14<>1,"",IF(AZ14<=0,0,MIN(AZ14,MAX(0,CONTROL_PANEL!$B$13-BA14)))) -> 0 | BD14: 1 | BF14: 2016 | BG14: 7 | BH14: =IF(BW14<>1,"",DAY(DATE(BF14,BG14+1,))) -> 31 | BI14: =IF(BW13<>1,"",235+((BJ14/1000/2)^(1/3.02))) -> 261.59313 | BJ14: =IF(BW13<>1,"",IF(BT13>0,IF(BT13>CONTROL_PANEL!$B$11,CONTROL_PANEL!$B$11,BT13),0)) -> 40163701 | BK14: =IF(BW14<>1,"",0.6*(BI14-235)^2.02*10000) -> 4530911 | BL14: =IF(BW14<>1,"",DATA_INPUT!$I14) -> 0.057050426 | BM14: =IF(BW14<>1,"",BL14*CONTROL_PANEL!$B$5) -> 5414.0854 | BN14: =IF(BW14<>1,"",DATA_INPUT!$C14) -> 6.2333333 | BO14: =IF(BW14<>1,"",(BN14*BK14)/1000) -> 28242.679 | BP14: =IF(BW14<>1,"",DATA_INPUT!$H14) -> 205.18863 | BQ14: =IF(BW14<>1,"",((BP14*BK14)/1000)) -> 929691.41 | BR14: =IF(BW14<>1,"",BM14*CONTROL_PANEL!$B$14) -> 378.98598 | BS14: =IF(BW14<>1,"",DATA_INPUT!$N14) -> 1539770.4 | BT14: =IF(BW14<>1,"",(BJ14+BM14+BO14)-(BQ14+BS14+BR14)) -> 37727517 | BU14: =IF(BW14<>1,"",IF(BT14-CONTROL_PANEL!$B$11<0,0,BT14-CONTROL_PANEL!$B$11)) -> 0 | BV14: =IF(BW14<>1,"",IF(BS14<=0,0,MIN(BS14,MAX(0,CONTROL_PANEL!$B$13-BT14)))) -> 0 | BW14: 1 | BY14: 2016 | BZ14: 7 | CA14: =IF(CP14<>1,"",DAY(DATE(BY14,BZ14+1,))) -> 31 | CB14: =IF(CP13<>1,"",235+((CC14/1000/2)^(1/3.02))) -> 261.56721 | CC14: =IF(CP13<>1,"",IF(CM13>0,IF(CM13>CONTROL_PANEL!$B$11,CONTROL_PANEL!$B$11,CM13),0)) -> 40045609 | CD14: =IF(CP14<>1,"",0.6*(CB14-235)^2.02*10000) -> 4521995.9 | CE14: =IF(CP14<>1,"",DATA_INPUT!$I14) -> 0.057050426 | CF14: =IF(CP14<>1,"",CE14*CONTROL_PANEL!$B$5) -> 5414.0854 | CG14: =IF(CP14<>1,"",DATA_INPUT!$C14) -> 6.2333333 | CH14: =IF(CP14<>1,"",(CG14*CD14)/1000) -> 28187.107 | CI14: =IF(CP14<>1,"",DATA_INPUT!$H14) -> 205.18863 | CJ14: =IF(CP14<>1,"",((CI14*CD14)/1000)) -> 927862.12 | CK14: =IF(CP14<>1,"",CF14*CONTROL_PANEL!$B$14) -> 378.98598 | CL14: =IF(CP14<>1,"",DATA_INPUT!$O14) -> 1769222 | CM14: =IF(CP14<>1,"",(CC14+CF14+CH14)-(CJ14+CL14+CK14)) -> 37381747 | CN14: =IF(CP14<>1,"",IF(CM14-CONTROL_PANEL!$B$11<0,0,CM14-CONTROL_PANEL!$B$11)) -> 0 | CO14: =IF(CP14<>1,"",IF(CL14<=0,0,MIN(CL14,MAX(0,CONTROL_PANEL!$B$13-CM14)))) -> 0 | CP14: 1
A15: 2016 | B15: 8 | C15: =IF(R15<>1,"",DAY(DATE(A15,B15+1,))) -> 31 | D15: =IF(R14<>1,"",235+((E15/1000/2)^(1/3.02))) -> 261.00077 | E15: =IF(R14<>1,"",IF(O14>0,IF(O14>CONTROL_PANEL!$B$11,CONTROL_PANEL!$B$11,O14),0)) -> 37522189 | F15: =IF(R15<>1,"",0.6*(D15-235)^2.02*10000) -> 4329355.7 | G15: =IF(R15<>1,"",DATA_INPUT!I15) -> 0.0078148416 | H15: =IF(R15<>1,"",G15*CONTROL_PANEL!$B$5) -> 741.62847 | I15: =IF(R15<>1,"",DATA_INPUT!C15) -> 0 | J15: =IF(R15<>1,"",(I15*F15)/1000) -> 0 | K15: =IF(R15<>1,"",DATA_INPUT!H15) -> 204.67878 | L15: =IF(R15<>1,"",((K15*F15)/1000)) -> 886127.24 | M15: =IF(R15<>1,"",H15*CONTROL_PANEL!$B$14) -> 51.913993 | N15: =IF(R15<>1,"",DATA_INPUT!K15) -> 1861619.5 | O15: =IF(R15<>1,"",(E15+H15+J15)-(L15+N15+M15)) -> 34775132 | P15: =IF(R15<>1,"",IF(O15-CONTROL_PANEL!$B$11<0,0,O15-CONTROL_PANEL!$B$11)) -> 0 | Q15: =IF(R15<>1,"",IF(N15<=0,0,MIN(N15,MAX(0,CONTROL_PANEL!$B$13-O15)))) -> 0 | R15: 1 | T15: 2016 | U15: 8 | V15: =IF(AK15<>1,"",DAY(DATE(T15,U15+1,))) -> 31 | W15: =IF(AK14<>1,"",235+((X15/1000/2)^(1/3.02))) -> 260.84099 | X15: =IF(AK14<>1,"",IF(AH14>0,IF(AH14>CONTROL_PANEL!$B$11,CONTROL_PANEL!$B$11,AH14),0)) -> 36830179 | Y15: =IF(AK15<>1,"",0.6*(W15-235)^2.02*10000) -> 4275785.1 | Z15: =IF(AK15<>1,"",DATA_INPUT!I15) -> 0.0078148416 | AA15: =IF(AK15<>1,"",Z15*CONTROL_PANEL!$B$5) -> 741.62847 | AB15: =IF(AK15<>1,"",DATA_INPUT!$C15) -> 0 | AC15: =IF(AK15<>1,"",(AB15*Y15)/1000) -> 0 | AD15: =IF(AK15<>1,"",DATA_INPUT!$H15) -> 204.67878 | AE15: =IF(AK15<>1,"",((AD15*Y15)/1000)) -> 875162.47 | AF15: =IF(AK15<>1,"",AA15*CONTROL_PANEL!$B$14) -> 51.913993 | AG15: =IF(AK15<>1,"",DATA_INPUT!$L15) -> 2372617.4 | AH15: =IF(AK15<>1,"",(X15+AA15+AC15)-(AE15+AG15+AF15)) -> 33583089 | AI15: =IF(AK15<>1,"",IF(AH15-CONTROL_PANEL!$B$11<0,0,AH15-CONTROL_PANEL!$B$11)) -> 0 | AJ15: =IF(AK15<>1,"",IF(AG15<=0,0,MIN(AG15,MAX(0,CONTROL_PANEL!$B$13-AH15)))) -> 0 | AK15: 1 | AM15: 2016 | AN15: 8 | AO15: =IF(BD15<>1,"",DAY(DATE(AM15,AN15+1,))) -> 31 | AP15: =IF(BD14<>1,"",235+((AQ15/1000/2)^(1/3.02))) -> 260.96474 | AQ15: =IF(BD14<>1,"",IF(BA14>0,IF(BA14>CONTROL_PANEL!$B$11,CONTROL_PANEL!$B$11,BA14),0)) -> 37365406 | AR15: =IF(BD15<>1,"",0.6*(AP15-235)^2.02*10000) -> 4317247.5 | AS15: =IF(BD15<>1,"",DATA_INPUT!$I15) -> 0.0078148416 | AT15: =IF(BD15<>1,"",AS15*CONTROL_PANEL!$B$5) -> 741.62847 | AU15: =IF(BD15<>1,"",DATA_INPUT!$C15) -> 0 | AV15: =IF(BD15<>1,"",(AU15*AR15)/1000) -> 0 | AW15: =IF(BD15<>1,"",DATA_INPUT!$H15) -> 204.67878 | AX15: =IF(BD15<>1,"",((AW15*AR15)/1000)) -> 883648.95 | AY15: =IF(BD15<>1,"",AT15*CONTROL_PANEL!$B$14) -> 51.913993 | AZ15: =IF(BD15<>1,"",DATA_INPUT!$M15) -> 2090837.8 | BA15: =IF(BD15<>1,"",(AQ15+AT15+AV15)-(AX15+AZ15+AY15)) -> 34391609 | BB15: =IF(BD15<>1,"",IF(BA15-CONTROL_PANEL!$B$11<0,0,BA15-CONTROL_PANEL!$B$11)) -> 0 | BC15: =IF(BD15<>1,"",IF(AZ15<=0,0,MIN(AZ15,MAX(0,CONTROL_PANEL!$B$13-BA15)))) -> 0 | BD15: 1 | BF15: 2016 | BG15: 8 | BH15: =IF(BW15<>1,"",DAY(DATE(BF15,BG15+1,))) -> 31 | BI15: =IF(BW14<>1,"",235+((BJ15/1000/2)^(1/3.02))) -> 261.04779 | BJ15: =IF(BW14<>1,"",IF(BT14>0,IF(BT14>CONTROL_PANEL!$B$11,CONTROL_PANEL!$B$11,BT14),0)) -> 37727517 | BK15: =IF(BW15<>1,"",0.6*(BI15-235)^2.02*10000) -> 4345187.7 | BL15: =IF(BW15<>1,"",DATA_INPUT!$I15) -> 0.0078148416 | BM15: =IF(BW15<>1,"",BL15*CONTROL_PANEL!$B$5) -> 741.62847 | BN15: =IF(BW15<>1,"",DATA_INPUT!$C15) -> 0 | BO15: =IF(BW15<>1,"",(BN15*BK15)/1000) -> 0 | BP15: =IF(BW15<>1,"",DATA_INPUT!$H15) -> 204.67878 | BQ15: =IF(BW15<>1,"",((BP15*BK15)/1000)) -> 889367.71 | BR15: =IF(BW15<>1,"",BM15*CONTROL_PANEL!$B$14) -> 51.913993 | BS15: =IF(BW15<>1,"",DATA_INPUT!$N15) -> 1920375.5 | BT15: =IF(BW15<>1,"",(BJ15+BM15+BO15)-(BQ15+BS15+BR15)) -> 34918464 | BU15: =IF(BW15<>1,"",IF(BT15-CONTROL_PANEL!$B$11<0,0,BT15-CONTROL_PANEL!$B$11)) -> 0 | BV15: =IF(BW15<>1,"",IF(BS15<=0,0,MIN(BS15,MAX(0,CONTROL_PANEL!$B$13-BT15)))) -> 0 | BW15: 1 | BY15: 2016 | BZ15: 8 | CA15: =IF(CP15<>1,"",DAY(DATE(BY15,BZ15+1,))) -> 31 | CB15: =IF(CP14<>1,"",235+((CC15/1000/2)^(1/3.02))) -> 260.9685 | CC15: =IF(CP14<>1,"",IF(CM14>0,IF(CM14>CONTROL_PANEL!$B$11,CONTROL_PANEL!$B$11,CM14),0)) -> 37381747 | CD15: =IF(CP15<>1,"",0.6*(CB15-235)^2.02*10000) -> 4318510.3 | CE15: =IF(CP15<>1,"",DATA_INPUT!$I15) -> 0.0078148416 | CF15: =IF(CP15<>1,"",CE15*CONTROL_PANEL!$B$5) -> 741.62847 | CG15: =IF(CP15<>1,"",DATA_INPUT!$C15) -> 0 | CH15: =IF(CP15<>1,"",(CG15*CD15)/1000) -> 0 | CI15: =IF(CP15<>1,"",DATA_INPUT!$H15) -> 204.67878 | CJ15: =IF(CP15<>1,"",((CI15*CD15)/1000)) -> 883907.41 | CK15: =IF(CP15<>1,"",CF15*CONTROL_PANEL!$B$14) -> 51.913993 | CL15: =IF(CP15<>1,"",DATA_INPUT!$O15) -> 2208738.8 | CM15: =IF(CP15<>1,"",(CC15+CF15+CH15)-(CJ15+CL15+CK15)) -> 34289790 | CN15: =IF(CP15<>1,"",IF(CM15-CONTROL_PANEL!$B$11<0,0,CM15-CONTROL_PANEL!$B$11)) -> 0 | CO15: =IF(CP15<>1,"",IF(CL15<=0,0,MIN(CL15,MAX(0,CONTROL_PANEL!$B$13-CM15)))) -> 0 | CP15: 1
A16: 2016 | B16: 9 | C16: =IF(R16<>1,"",DAY(DATE(A16,B16+1,))) -> 30 | D16: =IF(R15<>1,"",235+((E16/1000/2)^(1/3.02))) -> 260.35436 | E16: =IF(R15<>1,"",IF(O15>0,IF(O15>CONTROL_PANEL!$B$11,CONTROL_PANEL!$B$11,O15),0)) -> 34775132 | F16: =IF(R16<>1,"",0.6*(D16-235)^2.02*10000) -> 4114693.2 | G16: =IF(R16<>1,"",DATA_INPUT!I16) -> 0.0011655307 | H16: =IF(R16<>1,"",G16*CONTROL_PANEL!$B$5) -> 110.60887 | I16: =IF(R16<>1,"",DATA_INPUT!C16) -> 13.359717 | J16: =IF(R16<>1,"",(I16*F16)/1000) -> 54971.136 | K16: =IF(R16<>1,"",DATA_INPUT!H16) -> 142.56426 | L16: =IF(R16<>1,"",((K16*F16)/1000)) -> 586608.2 | M16: =IF(R16<>1,"",H16*CONTROL_PANEL!$B$14) -> 7.7426206 | N16: =IF(R16<>1,"",DATA_INPUT!K16) -> 758226.86 | O16: =IF(R16<>1,"",(E16+H16+J16)-(L16+N16+M16)) -> 33485371 | P16: =IF(R16<>1,"",IF(O16-CONTROL_PANEL!$B$11<0,0,O16-CONTROL_PANEL!$B$11)) -> 0 | Q16: =IF(R16<>1,"",IF(N16<=0,0,MIN(N16,MAX(0,CONTROL_PANEL!$B$13-O16)))) -> 0 | R16: 1 | T16: 2016 | U16: 9 | V16: =IF(AK16<>1,"",DAY(DATE(T16,U16+1,))) -> 30 | W16: =IF(AK15<>1,"",235+((X16/1000/2)^(1/3.02))) -> 260.06321 | X16: =IF(AK15<>1,"",IF(AH15>0,IF(AH15>CONTROL_PANEL!$B$11,CONTROL_PANEL!$B$11,AH15),0)) -> 33583089 | Y16: =IF(AK16<>1,"",0.6*(W16-235)^2.02*10000) -> 4019807.5 | Z16: =IF(AK16<>1,"",DATA_INPUT!I16) -> 0.0011655307 | AA16: =IF(AK16<>1,"",Z16*CONTROL_PANEL!$B$5) -> 110.60887 | AB16: =IF(AK16<>1,"",DATA_INPUT!$C16) -> 13.359717 | AC16: =IF(AK16<>1,"",(AB16*Y16)/1000) -> 53703.49 | AD16: =IF(AK16<>1,"",DATA_INPUT!$H16) -> 142.56426 | AE16: =IF(AK16<>1,"",((AD16*Y16)/1000)) -> 573080.88 | AF16: =IF(AK16<>1,"",AA16*CONTROL_PANEL!$B$14) -> 7.7426206 | AG16: =IF(AK16<>1,"",DATA_INPUT!$L16) -> 966543.29 | AH16: =IF(AK16<>1,"",(X16+AA16+AC16)-(AE16+AG16+AF16)) -> 32097271 | AI16: =IF(AK16<>1,"",IF(AH16-CONTROL_PANEL!$B$11<0,0,AH16-CONTROL_PANEL!$B$11)) -> 0 | AJ16: =IF(AK16<>1,"",IF(AG16<=0,0,MIN(AG16,MAX(0,CONTROL_PANEL!$B$13-AH16)))) -> 0 | AK16: 1 | AM16: 2016 | AN16: 9 | AO16: =IF(BD16<>1,"",DAY(DATE(AM16,AN16+1,))) -> 30 | AP16: =IF(BD15<>1,"",235+((AQ16/1000/2)^(1/3.02))) -> 260.26142 | AQ16: =IF(BD15<>1,"",IF(BA15>0,IF(BA15>CONTROL_PANEL!$B$11,CONTROL_PANEL!$B$11,BA15),0)) -> 34391609 | AR16: =IF(BD16<>1,"",0.6*(AP16-235)^2.02*10000) -> 4084284.3 | AS16: =IF(BD16<>1,"",DATA_INPUT!$I16) -> 0.0011655307 | AT16: =IF(BD16<>1,"",AS16*CONTROL_PANEL!$B$5) -> 110.60887 | AU16: =IF(BD16<>1,"",DATA_INPUT!$C16) -> 13.359717 | AV16: =IF(BD16<>1,"",(AU16*AR16)/1000) -> 54564.882 | AW16: =IF(BD16<>1,"",DATA_INPUT!$H16) -> 142.56426 | AX16: =IF(BD16<>1,"",((AW16*AR16)/1000)) -> 582272.97 | AY16: =IF(BD16<>1,"",AT16*CONTROL_PANEL!$B$14) -> 7.7426206 | AZ16: =IF(BD16<>1,"",DATA_INPUT!$M16) -> 847085.62 | BA16: =IF(BD16<>1,"",(AQ16+AT16+AV16)-(AX16+AZ16+AY16)) -> 33016918 | BB16: =IF(BD16<>1,"",IF(BA16-CONTROL_PANEL!$B$11<0,0,BA16-CONTROL_PANEL!$B$11)) -> 0 | BC16: =IF(BD16<>1,"",IF(AZ16<=0,0,MIN(AZ16,MAX(0,CONTROL_PANEL!$B$13-BA16)))) -> 0 | BD16: 1 | BF16: 2016 | BG16: 9 | BH16: =IF(BW16<>1,"",DAY(DATE(BF16,BG16+1,))) -> 30 | BI16: =IF(BW15<>1,"",235+((BJ16/1000/2)^(1/3.02))) -> 260.38891 | BJ16: =IF(BW15<>1,"",IF(BT15>0,IF(BT15>CONTROL_PANEL!$B$11,CONTROL_PANEL!$B$11,BT15),0)) -> 34918464 | BK16: =IF(BW16<>1,"",0.6*(BI16-235)^2.02*10000) -> 4126029.2 | BL16: =IF(BW16<>1,"",DATA_INPUT!$I16) -> 0.0011655307 | BM16: =IF(BW16<>1,"",BL16*CONTROL_PANEL!$B$5) -> 110.60887 | BN16: =IF(BW16<>1,"",DATA_INPUT!$C16) -> 13.359717 | BO16: =IF(BW16<>1,"",(BN16*BK16)/1000) -> 55122.581 | BP16: =IF(BW16<>1,"",DATA_INPUT!$H16) -> 142.56426 | BQ16: =IF(BW16<>1,"",((BP16*BK16)/1000)) -> 588224.3 | BR16: =IF(BW16<>1,"",BM16*CONTROL_PANEL!$B$14) -> 7.7426206 | BS16: =IF(BW16<>1,"",DATA_INPUT!$N16) -> 773626.65 | BT16: =IF(BW16<>1,"",(BJ16+BM16+BO16)-(BQ16+BS16+BR16)) -> 33611838 | BU16: =IF(BW16<>1,"",IF(BT16-CONTROL_PANEL!$B$11<0,0,BT16-CONTROL_PANEL!$B$11)) -> 0 | BV16: =IF(BW16<>1,"",IF(BS16<=0,0,MIN(BS16,MAX(0,CONTROL_PANEL!$B$13-BT16)))) -> 0 | BW16: 1 | BY16: 2016 | BZ16: 9 | CA16: =IF(CP16<>1,"",DAY(DATE(BY16,BZ16+1,))) -> 30 | CB16: =IF(CP15<>1,"",235+((CC16/1000/2)^(1/3.02))) -> 260.23663 | CC16: =IF(CP15<>1,"",IF(CM15>0,IF(CM15>CONTROL_PANEL!$B$11,CONTROL_PANEL!$B$11,CM15),0)) -> 34289790 | CD16: =IF(CP16<>1,"",0.6*(CB16-235)^2.02*10000) -> 4076192.5 | CE16: =IF(CP16<>1,"",DATA_INPUT!$I16) -> 0.0011655307 | CF16: =IF(CP16<>1,"",CE16*CONTROL_PANEL!$B$5) -> 110.60887 | CG16: =IF(CP16<>1,"",DATA_INPUT!$C16) -> 13.359717 | CH16: =IF(CP16<>1,"",(CG16*CD16)/1000) -> 54456.777 | CI16: =IF(CP16<>1,"",DATA_INPUT!$H16) -> 142.56426 | CJ16: =IF(CP16<>1,"",((CI16*CD16)/1000)) -> 581119.36 | CK16: =IF(CP16<>1,"",CF16*CONTROL_PANEL!$B$14) -> 7.7426206 | CL16: =IF(CP16<>1,"",DATA_INPUT!$O16) -> 889945.68 | CM16: =IF(CP16<>1,"",(CC16+CF16+CH16)-(CJ16+CL16+CK16)) -> 32873285 | CN16: =IF(CP16<>1,"",IF(CM16-CONTROL_PANEL!$B$11<0,0,CM16-CONTROL_PANEL!$B$11)) -> 0 | CO16: =IF(CP16<>1,"",IF(CL16<=0,0,MIN(CL16,MAX(0,CONTROL_PANEL!$B$13-CM16)))) -> 0 | CP16: 1
A17: =A5+1 -> 2016 | B17: 10 | C17: =IF(R17<>1,"",DAY(DATE(A17,B17+1,))) -> 31 | D17: =IF(R16<>1,"",235+((E17/1000/2)^(1/3.02))) -> 260.03904 | E17: =IF(R16<>1,"",IF(O16>0,IF(O16>CONTROL_PANEL!$B$11,CONTROL_PANEL!$B$11,O16),0)) -> 33485371 | F17: =IF(R17<>1,"",0.6*(D17-235)^2.02*10000) -> 4011980.2 | G17: =IF(R17<>1,"",DATA_INPUT!I17) -> 0.00015965592 | H17: =IF(R17<>1,"",G17*CONTROL_PANEL!$B$5) -> 15.151347 | I17: =IF(R17<>1,"",DATA_INPUT!C17) -> 54.578554 | J17: =IF(R17<>1,"",(I17*F17)/1000) -> 218968.08 | K17: =IF(R17<>1,"",DATA_INPUT!H17) -> 65.413487 | L17: =IF(R17<>1,"",((K17*F17)/1000)) -> 262437.62 | M17: =IF(R17<>1,"",H17*CONTROL_PANEL!$B$14) -> 1.0605943 | N17: =IF(R17<>1,"",DATA_INPUT!K17) -> 245121.5 | O17: =IF(R17<>1,"",(E17+H17+J17)-(L17+N17+M17)) -> 33196794 | P17: =IF(R17<>1,"",IF(O17-CONTROL_PANEL!$B$11<0,0,O17-CONTROL_PANEL!$B$11)) -> 0 | Q17: =IF(R17<>1,"",IF(N17<=0,0,MIN(N17,MAX(0,CONTROL_PANEL!$B$13-O17)))) -> 0 | R17: 1 | T17: =T5+1 -> 2016 | U17: 10 | V17: =IF(AK17<>1,"",DAY(DATE(T17,U17+1,))) -> 31 | W17: =IF(AK16<>1,"",235+((X17/1000/2)^(1/3.02))) -> 259.69046 | X17: =IF(AK16<>1,"",IF(AH16>0,IF(AH16>CONTROL_PANEL!$B$11,CONTROL_PANEL!$B$11,AH16),0)) -> 32097271 | Y17: =IF(AK17<>1,"",0.6*(W17-235)^2.02*10000) -> 3899960.3 | Z17: =IF(AK17<>1,"",DATA_INPUT!I17) -> 0.00015965592 | AA17: =IF(AK17<>1,"",Z17*CONTROL_PANEL!$B$5) -> 15.151347 | AB17: =IF(AK17<>1,"",DATA_INPUT!$C17) -> 54.578554 | AC17: =IF(AK17<>1,"",(AB17*Y17)/1000) -> 212854.2 | AD17: =IF(AK17<>1,"",DATA_INPUT!$H17) -> 65.413487 | AE17: =IF(AK17<>1,"",((AD17*Y17)/1000)) -> 255110.01 | AF17: =IF(AK17<>1,"",AA17*CONTROL_PANEL!$B$14) -> 1.0605943 | AG17: =IF(AK17<>1,"",DATA_INPUT!$L17) -> 312876.66 | AH17: =IF(AK17<>1,"",(X17+AA17+AC17)-(AE17+AG17+AF17)) -> 31742153 | AI17: =IF(AK17<>1,"",IF(AH17-CONTROL_PANEL!$B$11<0,0,AH17-CONTROL_PANEL!$B$11)) -> 0 | AJ17: =IF(AK17<>1,"",IF(AG17<=0,0,MIN(AG17,MAX(0,CONTROL_PANEL!$B$13-AH17)))) -> 0 | AK17: 1 | AM17: =AM5+1 -> 2016 | AN17: 10 | AO17: =IF(BD17<>1,"",DAY(DATE(AM17,AN17+1,))) -> 31 | AP17: =IF(BD16<>1,"",235+((AQ17/1000/2)^(1/3.02))) -> 259.9225 | AQ17: =IF(BD16<>1,"",IF(BA16>0,IF(BA16>CONTROL_PANEL!$B$11,CONTROL_PANEL!$B$11,BA16),0)) -> 33016918 | AR17: =IF(BD17<>1,"",0.6*(AP17-235)^2.02*10000) -> 3974351 | AS17: =IF(BD17<>1,"",DATA_INPUT!$I17) -> 0.00015965592 | AT17: =IF(BD17<>1,"",AS17*CONTROL_PANEL!$B$5) -> 15.151347 | AU17: =IF(BD17<>1,"",DATA_INPUT!$C17) -> 54.578554 | AV17: =IF(BD17<>1,"",(AU17*AR17)/1000) -> 216914.33 | AW17: =IF(BD17<>1,"",DATA_INPUT!$H17) -> 65.413487 | AX17: =IF(BD17<>1,"",((AW17*AR17)/1000)) -> 259976.16 | AY17: =IF(BD17<>1,"",AT17*CONTROL_PANEL!$B$14) -> 1.0605943 | AZ17: =IF(BD17<>1,"",DATA_INPUT!$M17) -> 278313.41 | BA17: =IF(BD17<>1,"",(AQ17+AT17+AV17)-(AX17+AZ17+AY17)) -> 32695557 | BB17: =IF(BD17<>1,"",IF(BA17-CONTROL_PANEL!$B$11<0,0,BA17-CONTROL_PANEL!$B$11)) -> 0 | BC17: =IF(BD17<>1,"",IF(AZ17<=0,0,MIN(AZ17,MAX(0,CONTROL_PANEL!$B$13-BA17)))) -> 0 | BD17: 1 | BF17: =BF5+1 -> 2016 | BG17: 10 | BH17: =IF(BW17<>1,"",DAY(DATE(BF17,BG17+1,))) -> 31 | BI17: =IF(BW16<>1,"",235+((BJ17/1000/2)^(1/3.02))) -> 260.07031 | BJ17: =IF(BW16<>1,"",IF(BT16>0,IF(BT16>CONTROL_PANEL!$B$11,CONTROL_PANEL!$B$11,BT16),0)) -> 33611838 | BK17: =IF(BW17<>1,"",0.6*(BI17-235)^2.02*10000) -> 4022108.9 | BL17: =IF(BW17<>1,"",DATA_INPUT!$I17) -> 0.00015965592 | BM17: =IF(BW17<>1,"",BL17*CONTROL_PANEL!$B$5) -> 15.151347 | BN17: =IF(BW17<>1,"",DATA_INPUT!$C17) -> 54.578554 | BO17: =IF(BW17<>1,"",(BN17*BK17)/1000) -> 219520.89 | BP17: =IF(BW17<>1,"",DATA_INPUT!$H17) -> 65.413487 | BQ17: =IF(BW17<>1,"",((BP17*BK17)/1000)) -> 263100.17 | BR17: =IF(BW17<>1,"",BM17*CONTROL_PANEL!$B$14) -> 1.0605943 | BS17: =IF(BW17<>1,"",DATA_INPUT!$N17) -> 258022.63 | BT17: =IF(BW17<>1,"",(BJ17+BM17+BO17)-(BQ17+BS17+BR17)) -> 33310250 | BU17: =IF(BW17<>1,"",IF(BT17-CONTROL_PANEL!$B$11<0,0,BT17-CONTROL_PANEL!$B$11)) -> 0 | BV17: =IF(BW17<>1,"",IF(BS17<=0,0,MIN(BS17,MAX(0,CONTROL_PANEL!$B$13-BT17)))) -> 0 | BW17: 1 | BY17: =BY5+1 -> 2016 | BZ17: 10 | CA17: =IF(CP17<>1,"",DAY(DATE(BY17,BZ17+1,))) -> 31 | CB17: =IF(CP16<>1,"",235+((CC17/1000/2)^(1/3.02))) -> 259.88654 | CC17: =IF(CP16<>1,"",IF(CM16>0,IF(CM16>CONTROL_PANEL!$B$11,CONTROL_PANEL!$B$11,CM16),0)) -> 32873285 | CD17: =IF(CP17<>1,"",0.6*(CB17-235)^2.02*10000) -> 3962778.1 | CE17: =IF(CP17<>1,"",DATA_INPUT!$I17) -> 0.00015965592 | CF17: =IF(CP17<>1,"",CE17*CONTROL_PANEL!$B$5) -> 15.151347 | CG17: =IF(CP17<>1,"",DATA_INPUT!$C17) -> 54.578554 | CH17: =IF(CP17<>1,"",(CG17*CD17)/1000) -> 216282.7 | CI17: =IF(CP17<>1,"",DATA_INPUT!$H17) -> 65.413487 | CJ17: =IF(CP17<>1,"",((CI17*CD17)/1000)) -> 259219.14 | CK17: =IF(CP17<>1,"",CF17*CONTROL_PANEL!$B$14) -> 1.0605943 | CL17: =IF(CP17<>1,"",DATA_INPUT!$O17) -> 297232.83 | CM17: =IF(CP17<>1,"",(CC17+CF17+CH17)-(CJ17+CL17+CK17)) -> 32533130 | CN17: =IF(CP17<>1,"",IF(CM17-CONTROL_PANEL!$B$11<0,0,CM17-CONTROL_PANEL!$B$11)) -> 0 | CO17: =IF(CP17<>1,"",IF(CL17<=0,0,MIN(CL17,MAX(0,CONTROL_PANEL!$B$13-CM17)))) -> 0 | CP17: 1
A18: =A6+1 -> 2016 | B18: 11 | C18: =IF(R18<>1,"",DAY(DATE(A18,B18+1,))) -> 30 | D18: =IF(R17<>1,"",235+((E18/1000/2)^(1/3.02))) -> 259.96738 | E18: =IF(R17<>1,"",IF(O17>0,IF(O17>CONTROL_PANEL!$B$11,CONTROL_PANEL!$B$11,O17),0)) -> 33196794 | F18: =IF(R18<>1,"",0.6*(D18-235)^2.02*10000) -> 3988820.6 | G18: =IF(R18<>1,"",DATA_INPUT!I18) -> 2.3811599e-05 | H18: =IF(R18<>1,"",G18*CONTROL_PANEL!$B$5) -> 2.2597208 | I18: =IF(R18<>1,"",DATA_INPUT!C18) -> 83.318394 | J18: =IF(R18<>1,"",(I18*F18)/1000) -> 332342.13 | K18: =IF(R18<>1,"",DATA_INPUT!H18) -> 32.21185 | L18: =IF(R18<>1,"",((K18*F18)/1000)) -> 128487.29 | M18: =IF(R18<>1,"",H18*CONTROL_PANEL!$B$14) -> 0.15818045 | N18: =IF(R18<>1,"",DATA_INPUT!K18) -> 0 | O18: =IF(R18<>1,"",(E18+H18+J18)-(L18+N18+M18)) -> 33400651 | P18: =IF(R18<>1,"",IF(O18-CONTROL_PANEL!$B$11<0,0,O18-CONTROL_PANEL!$B$11)) -> 0 | Q18: =IF(R18<>1,"",IF(N18<=0,0,MIN(N18,MAX(0,CONTROL_PANEL!$B$13-O18)))) -> 0 | R18: 1 | T18: =T6+1 -> 2016 | U18: 11 | V18: =IF(AK18<>1,"",DAY(DATE(T18,U18+1,))) -> 30 | W18: =IF(AK17<>1,"",235+((X18/1000/2)^(1/3.02))) -> 259.59967 | X18: =IF(AK17<>1,"",IF(AH17>0,IF(AH17>CONTROL_PANEL!$B$11,CONTROL_PANEL!$B$11,AH17),0)) -> 31742153 | Y18: =IF(AK18<>1,"",0.6*(W18-235)^2.02*10000) -> 3871046.3 | Z18: =IF(AK18<>1,"",DATA_INPUT!I18) -> 2.3811599e-05 | AA18: =IF(AK18<>1,"",Z18*CONTROL_PANEL!$B$5) -> 2.2597208 | AB18: =IF(AK18<>1,"",DATA_INPUT!$C18) -> 83.318394 | AC18: =IF(AK18<>1,"",(AB18*Y18)/1000) -> 322529.36 | AD18: =IF(AK18<>1,"",DATA_INPUT!$H18) -> 32.21185 | AE18: =IF(AK18<>1,"",((AD18*Y18)/1000)) -> 124693.56 | AF18: =IF(AK18<>1,"",AA18*CONTROL_PANEL!$B$14) -> 0.15818045 | AG18: =IF(AK18<>1,"",DATA_INPUT!$L18) -> 0 | AH18: =IF(AK18<>1,"",(X18+AA18+AC18)-(AE18+AG18+AF18)) -> 31939991 | AI18: =IF(AK18<>1,"",IF(AH18-CONTROL_PANEL!$B$11<0,0,AH18-CONTROL_PANEL!$B$11)) -> 0 | AJ18: =IF(AK18<>1,"",IF(AG18<=0,0,MIN(AG18,MAX(0,CONTROL_PANEL!$B$13-AH18)))) -> 0 | AK18: 1 | AM18: =AM6+1 -> 2016 | AN18: 11 | AO18: =IF(BD18<>1,"",DAY(DATE(AM18,AN18+1,))) -> 30 | AP18: =IF(BD17<>1,"",235+((AQ18/1000/2)^(1/3.02))) -> 259.84191 | AQ18: =IF(BD17<>1,"",IF(BA17>0,IF(BA17>CONTROL_PANEL!$B$11,CONTROL_PANEL!$B$11,BA17),0)) -> 32695557 | AR18: =IF(BD18<>1,"",0.6*(AP18-235)^2.02*10000) -> 3948434.9 | AS18: =IF(BD18<>1,"",DATA_INPUT!$I18) -> 2.3811599e-05 | AT18: =IF(BD18<>1,"",AS18*CONTROL_PANEL!$B$5) -> 2.2597208 | AU18: =IF(BD18<>1,"",DATA_INPUT!$C18) -> 83.318394 | AV18: =IF(BD18<>1,"",(AU18*AR18)/1000) -> 328977.25 | AW18: =IF(BD18<>1,"",DATA_INPUT!$H18) -> 32.21185 | AX18: =IF(BD18<>1,"",((AW18*AR18)/1000)) -> 127186.39 | AY18: =IF(BD18<>1,"",AT18*CONTROL_PANEL!$B$14) -> 0.15818045 | AZ18: =IF(BD18<>1,"",DATA_INPUT!$M18) -> 0 | BA18: =IF(BD18<>1,"",(AQ18+AT18+AV18)-(AX18+AZ18+AY18)) -> 32897350 | BB18: =IF(BD18<>1,"",IF(BA18-CONTROL_PANEL!$B$11<0,0,BA18-CONTROL_PANEL!$B$11)) -> 0 | BC18: =IF(BD18<>1,"",IF(AZ18<=0,0,MIN(AZ18,MAX(0,CONTROL_PANEL!$B$13-BA18)))) -> 0 | BD18: 1 | BF18: =BF6+1 -> 2016 | BG18: 11 | BH18: =IF(BW18<>1,"",DAY(DATE(BF18,BG18+1,))) -> 30 | BI18: =IF(BW17<>1,"",235+((BJ18/1000/2)^(1/3.02))) -> 259.9956 | BJ18: =IF(BW17<>1,"",IF(BT17>0,IF(BT17>CONTROL_PANEL!$B$11,CONTROL_PANEL!$B$11,BT17),0)) -> 33310250 | BK18: =IF(BW18<>1,"",0.6*(BI18-235)^2.02*10000) -> 3997933.9 | BL18: =IF(BW18<>1,"",DATA_INPUT!$I18) -> 2.3811599e-05 | BM18: =IF(BW18<>1,"",BL18*CONTROL_PANEL!$B$5) -> 2.2597208 | BN18: =IF(BW18<>1,"",DATA_INPUT!$C18) -> 83.318394 | BO18: =IF(BW18<>1,"",(BN18*BK18)/1000) -> 333101.43 | BP18: =IF(BW18<>1,"",DATA_INPUT!$H18) -> 32.21185 | BQ18: =IF(BW18<>1,"",((BP18*BK18)/1000)) -> 128780.84 | BR18: =IF(BW18<>1,"",BM18*CONTROL_PANEL!$B$14) -> 0.15818045 | BS18: =IF(BW18<>1,"",DATA_INPUT!$N18) -> 0 | BT18: =IF(BW18<>1,"",(BJ18+BM18+BO18)-(BQ18+BS18+BR18)) -> 33514573 | BU18: =IF(BW18<>1,"",IF(BT18-CONTROL_PANEL!$B$11<0,0,BT18-CONTROL_PANEL!$B$11)) -> 0 | BV18: =IF(BW18<>1,"",IF(BS18<=0,0,MIN(BS18,MAX(0,CONTROL_PANEL!$B$13-BT18)))) -> 0 | BW18: 1 | BY18: =BY6+1 -> 2016 | BZ18: 11 | CA18: =IF(CP18<>1,"",DAY(DATE(BY18,BZ18+1,))) -> 30 | CB18: =IF(CP17<>1,"",235+((CC18/1000/2)^(1/3.02))) -> 259.80098 | CC18: =IF(CP17<>1,"",IF(CM17>0,IF(CM17>CONTROL_PANEL!$B$11,CONTROL_PANEL!$B$11,CM17),0)) -> 32533130 | CD18: =IF(CP18<>1,"",0.6*(CB18-235)^2.02*10000) -> 3935303.9 | CE18: =IF(CP18<>1,"",DATA_INPUT!$I18) -> 2.3811599e-05 | CF18: =IF(CP18<>1,"",CE18*CONTROL_PANEL!$B$5) -> 2.2597208 | CG18: =IF(CP18<>1,"",DATA_INPUT!$C18) -> 83.318394 | CH18: =IF(CP18<>1,"",(CG18*CD18)/1000) -> 327883.2 | CI18: =IF(CP18<>1,"",DATA_INPUT!$H18) -> 32.21185 | CJ18: =IF(CP18<>1,"",((CI18*CD18)/1000)) -> 126763.42 | CK18: =IF(CP18<>1,"",CF18*CONTROL_PANEL!$B$14) -> 0.15818045 | CL18: =IF(CP18<>1,"",DATA_INPUT!$O18) -> 0 | CM18: =IF(CP18<>1,"",(CC18+CF18+CH18)-(CJ18+CL18+CK18)) -> 32734252 | CN18: =IF(CP18<>1,"",IF(CM18-CONTROL_PANEL!$B$11<0,0,CM18-CONTROL_PANEL!$B$11)) -> 0 | CO18: =IF(CP18<>1,"",IF(CL18<=0,0,MIN(CL18,MAX(0,CONTROL_PANEL!$B$13-CM18)))) -> 0 | CP18: 1
A19: =A7+1 -> 2016 | B19: 12 | C19: =IF(R19<>1,"",DAY(DATE(A19,B19+1,))) -> 31 | D19: =IF(R18<>1,"",235+((E19/1000/2)^(1/3.02))) -> 260.01804 | E19: =IF(R18<>1,"",IF(O18>0,IF(O18>CONTROL_PANEL!$B$11,CONTROL_PANEL!$B$11,O18),0)) -> 33400651 | F19: =IF(R19<>1,"",0.6*(D19-235)^2.02*10000) -> 4005187.9 | G19: =IF(R19<>1,"",DATA_INPUT!I19) -> 3.2966337e-06 | H19: =IF(R19<>1,"",G19*CONTROL_PANEL!$B$5) -> 0.31285054 | I19: =IF(R19<>1,"",DATA_INPUT!C19) -> 64.09792 | J19: =IF(R19<>1,"",(I19*F19)/1000) -> 256724.21 | K19: =IF(R19<>1,"",DATA_INPUT!H19) -> 20.564228 | L19: =IF(R19<>1,"",((K19*F19)/1000)) -> 82363.598 | M19: =IF(R19<>1,"",H19*CONTROL_PANEL!$B$14) -> 0.021899538 | N19: =IF(R19<>1,"",DATA_INPUT!K19) -> 0 | O19: =IF(R19<>1,"",(E19+H19+J19)-(L19+N19+M19)) -> 33575012 | P19: =IF(R19<>1,"",IF(O19-CONTROL_PANEL!$B$11<0,0,O19-CONTROL_PANEL!$B$11)) -> 0 | Q19: =IF(R19<>1,"",IF(N19<=0,0,MIN(N19,MAX(0,CONTROL_PANEL!$B$13-O19)))) -> 0 | R19: 1 | T19: =T7+1 -> 2016 | U19: 12 | V19: =IF(AK19<>1,"",DAY(DATE(T19,U19+1,))) -> 31 | W19: =IF(AK18<>1,"",235+((X19/1000/2)^(1/3.02))) -> 259.65033 | X19: =IF(AK18<>1,"",IF(AH18>0,IF(AH18>CONTROL_PANEL!$B$11,CONTROL_PANEL!$B$11,AH18),0)) -> 31939991 | Y19: =IF(AK19<>1,"",0.6*(W19-235)^2.02*10000) -> 3887167.6 | Z19: =IF(AK19<>1,"",DATA_INPUT!I19) -> 3.2966337e-06 | AA19: =IF(AK19<>1,"",Z19*CONTROL_PANEL!$B$5) -> 0.31285054 | AB19: =IF(AK19<>1,"",DATA_INPUT!$C19) -> 64.09792 | AC19: =IF(AK19<>1,"",(AB19*Y19)/1000) -> 249159.36 | AD19: =IF(AK19<>1,"",DATA_INPUT!$H19) -> 20.564228 | AE19: =IF(AK19<>1,"",((AD19*Y19)/1000)) -> 79936.6 | AF19: =IF(AK19<>1,"",AA19*CONTROL_PANEL!$B$14) -> 0.021899538 | AG19: =IF(AK19<>1,"",DATA_INPUT!$L19) -> 0 | AH19: =IF(AK19<>1,"",(X19+AA19+AC19)-(AE19+AG19+AF19)) -> 32109214 | AI19: =IF(AK19<>1,"",IF(AH19-CONTROL_PANEL!$B$11<0,0,AH19-CONTROL_PANEL!$B$11)) -> 0 | AJ19: =IF(AK19<>1,"",IF(AG19<=0,0,MIN(AG19,MAX(0,CONTROL_PANEL!$B$13-AH19)))) -> 0 | AK19: 1 | AM19: =AM7+1 -> 2016 | AN19: 12 | AO19: =IF(BD19<>1,"",DAY(DATE(AM19,AN19+1,))) -> 31 | AP19: =IF(BD18<>1,"",235+((AQ19/1000/2)^(1/3.02))) -> 259.89258 | AQ19: =IF(BD18<>1,"",IF(BA18>0,IF(BA18>CONTROL_PANEL!$B$11,CONTROL_PANEL!$B$11,BA18),0)) -> 32897350 | AR19: =IF(BD19<>1,"",0.6*(AP19-235)^2.02*10000) -> 3964718.2 | AS19: =IF(BD19<>1,"",DATA_INPUT!$I19) -> 3.2966337e-06 | AT19: =IF(BD19<>1,"",AS19*CONTROL_PANEL!$B$5) -> 0.31285054 | AU19: =IF(BD19<>1,"",DATA_INPUT!$C19) -> 64.09792 | AV19: =IF(BD19<>1,"",(AU19*AR19)/1000) -> 254130.19 | AW19: =IF(BD19<>1,"",DATA_INPUT!$H19) -> 20.564228 | AX19: =IF(BD19<>1,"",((AW19*AR19)/1000)) -> 81531.37 | AY19: =IF(BD19<>1,"",AT19*CONTROL_PANEL!$B$14) -> 0.021899538 | AZ19: =IF(BD19<>1,"",DATA_INPUT!$M19) -> 0 | BA19: =IF(BD19<>1,"",(AQ19+AT19+AV19)-(AX19+AZ19+AY19)) -> 33069949 | BB19: =IF(BD19<>1,"",IF(BA19-CONTROL_PANEL!$B$11<0,0,BA19-CONTROL_PANEL!$B$11)) -> 0 | BC19: =IF(BD19<>1,"",IF(AZ19<=0,0,MIN(AZ19,MAX(0,CONTROL_PANEL!$B$13-BA19)))) -> 0 | BD19: 1 | BF19: =BF7+1 -> 2016 | BG19: 12 | BH19: =IF(BW19<>1,"",DAY(DATE(BF19,BG19+1,))) -> 31 | BI19: =IF(BW18<>1,"",235+((BJ19/1000/2)^(1/3.02))) -> 260.04626 | BJ19: =IF(BW18<>1,"",IF(BT18>0,IF(BT18>CONTROL_PANEL!$B$11,CONTROL_PANEL!$B$11,BT18),0)) -> 33514573 | BK19: =IF(BW19<>1,"",0.6*(BI19-235)^2.02*10000) -> 4014320.1 | BL19: =IF(BW19<>1,"",DATA_INPUT!$I19) -> 3.2966337e-06 | BM19: =IF(BW19<>1,"",BL19*CONTROL_PANEL!$B$5) -> 0.31285054 | BN19: =IF(BW19<>1,"",DATA_INPUT!$C19) -> 64.09792 | BO19: =IF(BW19<>1,"",(BN19*BK19)/1000) -> 257309.57 | BP19: =IF(BW19<>1,"",DATA_INPUT!$H19) -> 20.564228 | BQ19: =IF(BW19<>1,"",((BP19*BK19)/1000)) -> 82551.394 | BR19: =IF(BW19<>1,"",BM19*CONTROL_PANEL!$B$14) -> 0.021899538 | BS19: =IF(BW19<>1,"",DATA_INPUT!$N19) -> 0 | BT19: =IF(BW19<>1,"",(BJ19+BM19+BO19)-(BQ19+BS19+BR19)) -> 33689331 | BU19: =IF(BW19<>1,"",IF(BT19-CONTROL_PANEL!$B$11<0,0,BT19-CONTROL_PANEL!$B$11)) -> 0 | BV19: =IF(BW19<>1,"",IF(BS19<=0,0,MIN(BS19,MAX(0,CONTROL_PANEL!$B$13-BT19)))) -> 0 | BW19: 1 | BY19: =BY7+1 -> 2016 | BZ19: 12 | CA19: =IF(CP19<>1,"",DAY(DATE(BY19,BZ19+1,))) -> 31 | CB19: =IF(CP18<>1,"",235+((CC19/1000/2)^(1/3.02))) -> 259.85164 | CC19: =IF(CP18<>1,"",IF(CM18>0,IF(CM18>CONTROL_PANEL!$B$11,CONTROL_PANEL!$B$11,CM18),0)) -> 32734252 | CD19: =IF(CP19<>1,"",0.6*(CB19-235)^2.02*10000) -> 3951559.9 | CE19: =IF(CP19<>1,"",DATA_INPUT!$I19) -> 3.2966337e-06 | CF19: =IF(CP19<>1,"",CE19*CONTROL_PANEL!$B$5) -> 0.31285054 | CG19: =IF(CP19<>1,"",DATA_INPUT!$C19) -> 64.09792 | CH19: =IF(CP19<>1,"",(CG19*CD19)/1000) -> 253286.77 | CI19: =IF(CP19<>1,"",DATA_INPUT!$H19) -> 20.564228 | CJ19: =IF(CP19<>1,"",((CI19*CD19)/1000)) -> 81260.778 | CK19: =IF(CP19<>1,"",CF19*CONTROL_PANEL!$B$14) -> 0.021899538 | CL19: =IF(CP19<>1,"",DATA_INPUT!$O19) -> 0 | CM19: =IF(CP19<>1,"",(CC19+CF19+CH19)-(CJ19+CL19+CK19)) -> 32906278 | CN19: =IF(CP19<>1,"",IF(CM19-CONTROL_PANEL!$B$11<0,0,CM19-CONTROL_PANEL!$B$11)) -> 0 | CO19: =IF(CP19<>1,"",IF(CL19<=0,0,MIN(CL19,MAX(0,CONTROL_PANEL!$B$13-CM19)))) -> 0 | CP19: 1
A20: =A8+1 -> 2017 | B20: 1 | C20: =IF(R20<>1,"",DAY(DATE(A20,B20+1,))) -> 31 | D20: =IF(R19<>1,"",235+((E20/1000/2)^(1/3.02))) -> 260.06121 | E20: =IF(R19<>1,"",IF(O19>0,IF(O19>CONTROL_PANEL!$B$11,CONTROL_PANEL!$B$11,O19),0)) -> 33575012 | F20: =IF(R20<>1,"",0.6*(D20-235)^2.02*10000) -> 4019160.8 | G20: =IF(R20<>1,"",DATA_INPUT!I20) -> 0.086231951 | H20: =IF(R20<>1,"",G20*CONTROL_PANEL!$B$5) -> 8183.4122 | I20: =IF(R20<>1,"",DATA_INPUT!C20) -> 45.218339 | J20: =IF(R20<>1,"",(I20*F20)/1000) -> 181739.78 | K20: =IF(R20<>1,"",DATA_INPUT!H20) -> 18.740405 | L20: =IF(R20<>1,"",((K20*F20)/1000)) -> 75320.701 | M20: =IF(R20<>1,"",H20*CONTROL_PANEL!$B$14) -> 572.83885 | N20: =IF(R20<>1,"",DATA_INPUT!K20) -> 0 | O20: =IF(R20<>1,"",(E20+H20+J20)-(L20+N20+M20)) -> 33689042 | P20: =IF(R20<>1,"",IF(O20-CONTROL_PANEL!$B$11<0,0,O20-CONTROL_PANEL!$B$11)) -> 0 | Q20: =IF(R20<>1,"",IF(N20<=0,0,MIN(N20,MAX(0,CONTROL_PANEL!$B$13-O20)))) -> 0 | R20: 1 | T20: =T8+1 -> 2017 | U20: 1 | V20: =IF(AK20<>1,"",DAY(DATE(T20,U20+1,))) -> 31 | W20: =IF(AK19<>1,"",235+((X20/1000/2)^(1/3.02))) -> 259.6935 | X20: =IF(AK19<>1,"",IF(AH19>0,IF(AH19>CONTROL_PANEL!$B$11,CONTROL_PANEL!$B$11,AH19),0)) -> 32109214 | Y20: =IF(AK20<>1,"",0.6*(W20-235)^2.02*10000) -> 3900930.9 | Z20: =IF(AK20<>1,"",DATA_INPUT!I20) -> 0.086231951 | AA20: =IF(AK20<>1,"",Z20*CONTROL_PANEL!$B$5) -> 8183.4122 | AB20: =IF(AK20<>1,"",DATA_INPUT!$C20) -> 45.218339 | AC20: =IF(AK20<>1,"",(AB20*Y20)/1000) -> 176393.62 | AD20: =IF(AK20<>1,"",DATA_INPUT!$H20) -> 18.740405 | AE20: =IF(AK20<>1,"",((AD20*Y20)/1000)) -> 73105.024 | AF20: =IF(AK20<>1,"",AA20*CONTROL_PANEL!$B$14) -> 572.83885 | AG20: =IF(AK20<>1,"",DATA_INPUT!$L20) -> 0 | AH20: =IF(AK20<>1,"",(X20+AA20+AC20)-(AE20+AG20+AF20)) -> 32220113 | AI20: =IF(AK20<>1,"",IF(AH20-CONTROL_PANEL!$B$11<0,0,AH20-CONTROL_PANEL!$B$11)) -> 0 | AJ20: =IF(AK20<>1,"",IF(AG20<=0,0,MIN(AG20,MAX(0,CONTROL_PANEL!$B$13-AH20)))) -> 0 | AK20: 1 | AM20: =AM8+1 -> 2017 | AN20: 1 | AO20: =IF(BD20<>1,"",DAY(DATE(AM20,AN20+1,))) -> 31 | AP20: =IF(BD19<>1,"",235+((AQ20/1000/2)^(1/3.02))) -> 259.93575 | AQ20: =IF(BD19<>1,"",IF(BA19>0,IF(BA19>CONTROL_PANEL!$B$11,CONTROL_PANEL!$B$11,BA19),0)) -> 33069949 | AR20: =IF(BD20<>1,"",0.6*(AP20-235)^2.02*10000) -> 3978619.6 | AS20: =IF(BD20<>1,"",DATA_INPUT!$I20) -> 0.086231951 | AT20: =IF(BD20<>1,"",AS20*CONTROL_PANEL!$B$5) -> 8183.4122 | AU20: =IF(BD20<>1,"",DATA_INPUT!$C20) -> 45.218339 | AV20: =IF(BD20<>1,"",(AU20*AR20)/1000) -> 179906.57 | AW20: =IF(BD20<>1,"",DATA_INPUT!$H20) -> 18.740405 | AX20: =IF(BD20<>1,"",((AW20*AR20)/1000)) -> 74560.943 | AY20: =IF(BD20<>1,"",AT20*CONTROL_PANEL!$B$14) -> 572.83885 | AZ20: =IF(BD20<>1,"",DATA_INPUT!$M20) -> 0 | BA20: =IF(BD20<>1,"",(AQ20+AT20+AV20)-(AX20+AZ20+AY20)) -> 33182905 | BB20: =IF(BD20<>1,"",IF(BA20-CONTROL_PANEL!$B$11<0,0,BA20-CONTROL_PANEL!$B$11)) -> 0 | BC20: =IF(BD20<>1,"",IF(AZ20<=0,0,MIN(AZ20,MAX(0,CONTROL_PANEL!$B$13-BA20)))) -> 0 | BD20: 1 | BF20: =BF8+1 -> 2017 | BG20: 1 | BH20: =IF(BW20<>1,"",DAY(DATE(BF20,BG20+1,))) -> 31 | BI20: =IF(BW19<>1,"",235+((BJ20/1000/2)^(1/3.02))) -> 260.08943 | BJ20: =IF(BW19<>1,"",IF(BT19>0,IF(BT19>CONTROL_PANEL!$B$11,CONTROL_PANEL!$B$11,BT19),0)) -> 33689331 | BK20: =IF(BW20<>1,"",0.6*(BI20-235)^2.02*10000) -> 4028309.1 | BL20: =IF(BW20<>1,"",DATA_INPUT!$I20) -> 0.086231951 | BM20: =IF(BW20<>1,"",BL20*CONTROL_PANEL!$B$5) -> 8183.4122 | BN20: =IF(BW20<>1,"",DATA_INPUT!$C20) -> 45.218339 | BO20: =IF(BW20<>1,"",(BN20*BK20)/1000) -> 182153.45 | BP20: =IF(BW20<>1,"",DATA_INPUT!$H20) -> 18.740405 | BQ20: =IF(BW20<>1,"",((BP20*BK20)/1000)) -> 75492.144 | BR20: =IF(BW20<>1,"",BM20*CONTROL_PANEL!$B$14) -> 572.83885 | BS20: =IF(BW20<>1,"",DATA_INPUT!$N20) -> 0 | BT20: =IF(BW20<>1,"",(BJ20+BM20+BO20)-(BQ20+BS20+BR20)) -> 33803603 | BU20: =IF(BW20<>1,"",IF(BT20-CONTROL_PANEL!$B$11<0,0,BT20-CONTROL_PANEL!$B$11)) -> 0 | BV20: =IF(BW20<>1,"",IF(BS20<=0,0,MIN(BS20,MAX(0,CONTROL_PANEL!$B$13-BT20)))) -> 0 | BW20: 1 | BY20: =BY8+1 -> 2017 | BZ20: 1 | CA20: =IF(CP20<>1,"",DAY(DATE(BY20,BZ20+1,))) -> 31 | CB20: =IF(CP19<>1,"",235+((CC20/1000/2)^(1/3.02))) -> 259.89481 | CC20: =IF(CP19<>1,"",IF(CM19>0,IF(CM19>CONTROL_PANEL!$B$11,CONTROL_PANEL!$B$11,CM19),0)) -> 32906278 | CD20: =IF(CP20<>1,"",0.6*(CB20-235)^2.02*10000) -> 3965437.9 | CE20: =IF(CP20<>1,"",DATA_INPUT!$I20) -> 0.086231951 | CF20: =IF(CP20<>1,"",CE20*CONTROL_PANEL!$B$5) -> 8183.4122 | CG20: =IF(CP20<>1,"",DATA_INPUT!$C20) -> 45.218339 | CH20: =IF(CP20<>1,"",(CG20*CD20)/1000) -> 179310.52 | CI20: =IF(CP20<>1,"",DATA_INPUT!$H20) -> 18.740405 | CJ20: =IF(CP20<>1,"",((CI20*CD20)/1000)) -> 74313.912 | CK20: =IF(CP20<>1,"",CF20*CONTROL_PANEL!$B$14) -> 572.83885 | CL20: =IF(CP20<>1,"",DATA_INPUT!$O20) -> 0 | CM20: =IF(CP20<>1,"",(CC20+CF20+CH20)-(CJ20+CL20+CK20)) -> 33018885 | CN20: =IF(CP20<>1,"",IF(CM20-CONTROL_PANEL!$B$11<0,0,CM20-CONTROL_PANEL!$B$11)) -> 0 | CO20: =IF(CP20<>1,"",IF(CL20<=0,0,MIN(CL20,MAX(0,CONTROL_PANEL!$B$13-CM20)))) -> 0 | CP20: 1
A21: =A9+1 -> 2017 | B21: 2 | C21: =IF(R21<>1,"",DAY(DATE(A21,B21+1,))) -> 28 | D21: =IF(R20<>1,"",235+((E21/1000/2)^(1/3.02))) -> 260.08936 | E21: =IF(R20<>1,"",IF(O20>0,IF(O20>CONTROL_PANEL!$B$11,CONTROL_PANEL!$B$11,O20),0)) -> 33689042 | F21: =IF(R21<>1,"",0.6*(D21-235)^2.02*10000) -> 4028285.9 | G21: =IF(R21<>1,"",DATA_INPUT!I21) -> 3.7172527 | H21: =IF(R21<>1,"",G21*CONTROL_PANEL!$B$5) -> 352767.28 | I21: =IF(R21<>1,"",DATA_INPUT!C21) -> 57.644633 | J21: =IF(R21<>1,"",(I21*F21)/1000) -> 232209.06 | K21: =IF(R21<>1,"",DATA_INPUT!H21) -> 24.111579 | L21: =IF(R21<>1,"",((K21*F21)/1000)) -> 97128.333 | M21: =IF(R21<>1,"",H21*CONTROL_PANEL!$B$14) -> 24693.709 | N21: =IF(R21<>1,"",DATA_INPUT!K21) -> 0 | O21: =IF(R21<>1,"",(E21+H21+J21)-(L21+N21+M21)) -> 34152196 | P21: =IF(R21<>1,"",IF(O21-CONTROL_PANEL!$B$11<0,0,O21-CONTROL_PANEL!$B$11)) -> 0 | Q21: =IF(R21<>1,"",IF(N21<=0,0,MIN(N21,MAX(0,CONTROL_PANEL!$B$13-O21)))) -> 0 | R21: 1 | T21: =T9+1 -> 2017 | U21: 2 | V21: =IF(AK21<>1,"",DAY(DATE(T21,U21+1,))) -> 28 | W21: =IF(AK20<>1,"",235+((X21/1000/2)^(1/3.02))) -> 259.72171 | X21: =IF(AK20<>1,"",IF(AH20>0,IF(AH20>CONTROL_PANEL!$B$11,CONTROL_PANEL!$B$11,AH20),0)) -> 32220113 | Y21: =IF(AK21<>1,"",0.6*(W21-235)^2.02*10000) -> 3909937.5 | Z21: =IF(AK21<>1,"",DATA_INPUT!I21) -> 3.7172527 | AA21: =IF(AK21<>1,"",Z21*CONTROL_PANEL!$B$5) -> 352767.28 | AB21: =IF(AK21<>1,"",DATA_INPUT!$C21) -> 57.644633 | AC21: =IF(AK21<>1,"",(AB21*Y21)/1000) -> 225386.91 | AD21: =IF(AK21<>1,"",DATA_INPUT!$H21) -> 24.111579 | AE21: =IF(AK21<>1,"",((AD21*Y21)/1000)) -> 94274.766 | AF21: =IF(AK21<>1,"",AA21*CONTROL_PANEL!$B$14) -> 24693.709 | AG21: =IF(AK21<>1,"",DATA_INPUT!$L21) -> 0 | AH21: =IF(AK21<>1,"",(X21+AA21+AC21)-(AE21+AG21+AF21)) -> 32679299 | AI21: =IF(AK21<>1,"",IF(AH21-CONTROL_PANEL!$B$11<0,0,AH21-CONTROL_PANEL!$B$11)) -> 0 | AJ21: =IF(AK21<>1,"",IF(AG21<=0,0,MIN(AG21,MAX(0,CONTROL_PANEL!$B$13-AH21)))) -> 0 | AK21: 1 | AM21: =AM9+1 -> 2017 | AN21: 2 | AO21: =IF(BD21<>1,"",DAY(DATE(AM21,AN21+1,))) -> 28 | AP21: =IF(BD20<>1,"",235+((AQ21/1000/2)^(1/3.02))) -> 259.96392 | AQ21: =IF(BD20<>1,"",IF(BA20>0,IF(BA20>CONTROL_PANEL!$B$11,CONTROL_PANEL!$B$11,BA20),0)) -> 33182905 | AR21: =IF(BD21<>1,"",0.6*(AP21-235)^2.02*10000) -> 3987704.3 | AS21: =IF(BD21<>1,"",DATA_INPUT!$I21) -> 3.7172527 | AT21: =IF(BD21<>1,"",AS21*CONTROL_PANEL!$B$5) -> 352767.28 | AU21: =IF(BD21<>1,"",DATA_INPUT!$C21) -> 57.644633 | AV21: =IF(BD21<>1,"",(AU21*AR21)/1000) -> 229869.75 | AW21: =IF(BD21<>1,"",DATA_INPUT!$H21) -> 24.111579 | AX21: =IF(BD21<>1,"",((AW21*AR21)/1000)) -> 96149.845 | AY21: =IF(BD21<>1,"",AT21*CONTROL_PANEL!$B$14) -> 24693.709 | AZ21: =IF(BD21<>1,"",DATA_INPUT!$M21) -> 0 | BA21: =IF(BD21<>1,"",(AQ21+AT21+AV21)-(AX21+AZ21+AY21)) -> 33644699 | BB21: =IF(BD21<>1,"",IF(BA21-CONTROL_PANEL!$B$11<0,0,BA21-CONTROL_PANEL!$B$11)) -> 0 | BC21: =IF(BD21<>1,"",IF(AZ21<=0,0,MIN(AZ21,MAX(0,CONTROL_PANEL!$B$13-BA21)))) -> 0 | BD21: 1 | BF21: =BF9+1 -> 2017 | BG21: 2 | BH21: =IF(BW21<>1,"",DAY(DATE(BF21,BG21+1,))) -> 28 | BI21: =IF(BW20<>1,"",235+((BJ21/1000/2)^(1/3.02))) -> 260.11758 | BJ21: =IF(BW20<>1,"",IF(BT20>0,IF(BT20>CONTROL_PANEL!$B$11,CONTROL_PANEL!$B$11,BT20),0)) -> 33803603 | BK21: =IF(BW21<>1,"",0.6*(BI21-235)^2.02*10000) -> 4037443.3 | BL21: =IF(BW21<>1,"",DATA_INPUT!$I21) -> 3.7172527 | BM21: =IF(BW21<>1,"",BL21*CONTROL_PANEL!$B$5) -> 352767.28 | BN21: =IF(BW21<>1,"",DATA_INPUT!$C21) -> 57.644633 | BO21: =IF(BW21<>1,"",(BN21*BK21)/1000) -> 232736.94 | BP21: =IF(BW21<>1,"",DATA_INPUT!$H21) -> 24.111579 | BQ21: =IF(BW21<>1,"",((BP21*BK21)/1000)) -> 97349.132 | BR21: =IF(BW21<>1,"",BM21*CONTROL_PANEL!$B$14) -> 24693.709 | BS21: =IF(BW21<>1,"",DATA_INPUT!$N21) -> 0 | BT21: =IF(BW21<>1,"",(BJ21+BM21+BO21)-(BQ21+BS21+BR21)) -> 34267065 | BU21: =IF(BW21<>1,"",IF(BT21-CONTROL_PANEL!$B$11<0,0,BT21-CONTROL_PANEL!$B$11)) -> 0 | BV21: =IF(BW21<>1,"",IF(BS21<=0,0,MIN(BS21,MAX(0,CONTROL_PANEL!$B$13-BT21)))) -> 0 | BW21: 1 | BY21: =BY9+1 -> 2017 | BZ21: 2 | CA21: =IF(CP21<>1,"",DAY(DATE(BY21,BZ21+1,))) -> 28 | CB21: =IF(CP20<>1,"",235+((CC21/1000/2)^(1/3.02))) -> 259.92299 | CC21: =IF(CP20<>1,"",IF(CM20>0,IF(CM20>CONTROL_PANEL!$B$11,CONTROL_PANEL!$B$11,CM20),0)) -> 33018885 | CD21: =IF(CP21<>1,"",0.6*(CB21-235)^2.02*10000) -> 3974509.4 | CE21: =IF(CP21<>1,"",DATA_INPUT!$I21) -> 3.7172527 | CF21: =IF(CP21<>1,"",CE21*CONTROL_PANEL!$B$5) -> 352767.28 | CG21: =IF(CP21<>1,"",DATA_INPUT!$C21) -> 57.644633 | CH21: =IF(CP21<>1,"",(CG21*CD21)/1000) -> 229109.13 | CI21: =IF(CP21<>1,"",DATA_INPUT!$H21) -> 24.111579 | CJ21: =IF(CP21<>1,"",((CI21*CD21)/1000)) -> 95831.695 | CK21: =IF(CP21<>1,"",CF21*CONTROL_PANEL!$B$14) -> 24693.709 | CL21: =IF(CP21<>1,"",DATA_INPUT!$O21) -> 0 | CM21: =IF(CP21<>1,"",(CC21+CF21+CH21)-(CJ21+CL21+CK21)) -> 33480236 | CN21: =IF(CP21<>1,"",IF(CM21-CONTROL_PANEL!$B$11<0,0,CM21-CONTROL_PANEL!$B$11)) -> 0 | CO21: =IF(CP21<>1,"",IF(CL21<=0,0,MIN(CL21,MAX(0,CONTROL_PANEL!$B$13-CM21)))) -> 0 | CP21: 1
A22: =A10+1 -> 2017 | B22: 3 | C22: =IF(R22<>1,"",DAY(DATE(A22,B22+1,))) -> 31 | D22: =IF(R21<>1,"",235+((E22/1000/2)^(1/3.02))) -> 260.20306 | E22: =IF(R21<>1,"",IF(O21>0,IF(O21>CONTROL_PANEL!$B$11,CONTROL_PANEL!$B$11,O21),0)) -> 34152196 | F22: =IF(R22<>1,"",0.6*(D22-235)^2.02*10000) -> 4065244.7 | G22: =IF(R22<>1,"",DATA_INPUT!I22) -> 1.7023756 | H22: =IF(R22<>1,"",G22*CONTROL_PANEL!$B$5) -> 161555.44 | I22: =IF(R22<>1,"",DATA_INPUT!C22) -> 78.925723 | J22: =IF(R22<>1,"",(I22*F22)/1000) -> 320852.38 | K22: =IF(R22<>1,"",DATA_INPUT!H22) -> 43.426608 | L22: =IF(R22<>1,"",((K22*F22)/1000)) -> 176539.79 | M22: =IF(R22<>1,"",H22*CONTROL_PANEL!$B$14) -> 11308.881 | N22: =IF(R22<>1,"",DATA_INPUT!K22) -> 0 | O22: =IF(R22<>1,"",(E22+H22+J22)-(L22+N22+M22)) -> 34446755 | P22: =IF(R22<>1,"",IF(O22-CONTROL_PANEL!$B$11<0,0,O22-CONTROL_PANEL!$B$11)) -> 0 | Q22: =IF(R22<>1,"",IF(N22<=0,0,MIN(N22,MAX(0,CONTROL_PANEL!$B$13-O22)))) -> 0 | R22: 1 | T22: =T10+1 -> 2017 | U22: 3 | V22: =IF(AK22<>1,"",DAY(DATE(T22,U22+1,))) -> 31 | W22: =IF(AK21<>1,"",235+((X22/1000/2)^(1/3.02))) -> 259.83782 | X22: =IF(AK21<>1,"",IF(AH21>0,IF(AH21>CONTROL_PANEL!$B$11,CONTROL_PANEL!$B$11,AH21),0)) -> 32679299 | Y22: =IF(AK22<>1,"",0.6*(W22-235)^2.02*10000) -> 3947121.5 | Z22: =IF(AK22<>1,"",DATA_INPUT!I22) -> 1.7023756 | AA22: =IF(AK22<>1,"",Z22*CONTROL_PANEL!$B$5) -> 161555.44 | AB22: =IF(AK22<>1,"",DATA_INPUT!$C22) -> 78.925723 | AC22: =IF(AK22<>1,"",(AB22*Y22)/1000) -> 311529.42 | AD22: =IF(AK22<>1,"",DATA_INPUT!$H22) -> 43.426608 | AE22: =IF(AK22<>1,"",((AD22*Y22)/1000)) -> 171410.1 | AF22: =IF(AK22<>1,"",AA22*CONTROL_PANEL!$B$14) -> 11308.881 | AG22: =IF(AK22<>1,"",DATA_INPUT!$L22) -> 0 | AH22: =IF(AK22<>1,"",(X22+AA22+AC22)-(AE22+AG22+AF22)) -> 32969665 | AI22: =IF(AK22<>1,"",IF(AH22-CONTROL_PANEL!$B$11<0,0,AH22-CONTROL_PANEL!$B$11)) -> 0 | AJ22: =IF(AK22<>1,"",IF(AG22<=0,0,MIN(AG22,MAX(0,CONTROL_PANEL!$B$13-AH22)))) -> 0 | AK22: 1 | AM22: =AM10+1 -> 2017 | AN22: 3 | AO22: =IF(BD22<>1,"",DAY(DATE(AM22,AN22+1,))) -> 31 | AP22: =IF(BD21<>1,"",235+((AQ22/1000/2)^(1/3.02))) -> 260.07842 | AQ22: =IF(BD21<>1,"",IF(BA21>0,IF(BA21>CONTROL_PANEL!$B$11,CONTROL_PANEL!$B$11,BA21),0)) -> 33644699 | AR22: =IF(BD22<>1,"",0.6*(AP22-235)^2.02*10000) -> 4024738.7 | AS22: =IF(BD22<>1,"",DATA_INPUT!$I22) -> 1.7023756 | AT22: =IF(BD22<>1,"",AS22*CONTROL_PANEL!$B$5) -> 161555.44 | AU22: =IF(BD22<>1,"",DATA_INPUT!$C22) -> 78.925723 | AV22: =IF(BD22<>1,"",(AU22*AR22)/1000) -> 317655.41 | AW22: =IF(BD22<>1,"",DATA_INPUT!$H22) -> 43.426608 | AX22: =IF(BD22<>1,"",((AW22*AR22)/1000)) -> 174780.75 | AY22: =IF(BD22<>1,"",AT22*CONTROL_PANEL!$B$14) -> 11308.881 | AZ22: =IF(BD22<>1,"",DATA_INPUT!$M22) -> 0 | BA22: =IF(BD22<>1,"",(AQ22+AT22+AV22)-(AX22+AZ22+AY22)) -> 33937820 | BB22: =IF(BD22<>1,"",IF(BA22-CONTROL_PANEL!$B$11<0,0,BA22-CONTROL_PANEL!$B$11)) -> 0 | BC22: =IF(BD22<>1,"",IF(AZ22<=0,0,MIN(AZ22,MAX(0,CONTROL_PANEL!$B$13-BA22)))) -> 0 | BD22: 1 | BF22: =BF10+1 -> 2017 | BG22: 3 | BH22: =IF(BW22<>1,"",DAY(DATE(BF22,BG22+1,))) -> 31 | BI22: =IF(BW21<>1,"",235+((BJ22/1000/2)^(1/3.02))) -> 260.23109 | BJ22: =IF(BW21<>1,"",IF(BT21>0,IF(BT21>CONTROL_PANEL!$B$11,CONTROL_PANEL!$B$11,BT21),0)) -> 34267065 | BK22: =IF(BW22<>1,"",0.6*(BI22-235)^2.02*10000) -> 4074385.3 | BL22: =IF(BW22<>1,"",DATA_INPUT!$I22) -> 1.7023756 | BM22: =IF(BW22<>1,"",BL22*CONTROL_PANEL!$B$5) -> 161555.44 | BN22: =IF(BW22<>1,"",DATA_INPUT!$C22) -> 78.925723 | BO22: =IF(BW22<>1,"",(BN22*BK22)/1000) -> 321573.8 | BP22: =IF(BW22<>1,"",DATA_INPUT!$H22) -> 43.426608 | BQ22: =IF(BW22<>1,"",((BP22*BK22)/1000)) -> 176936.73 | BR22: =IF(BW22<>1,"",BM22*CONTROL_PANEL!$B$14) -> 11308.881 | BS22: =IF(BW22<>1,"",DATA_INPUT!$N22) -> 0 | BT22: =IF(BW22<>1,"",(BJ22+BM22+BO22)-(BQ22+BS22+BR22)) -> 34561948 | BU22: =IF(BW22<>1,"",IF(BT22-CONTROL_PANEL!$B$11<0,0,BT22-CONTROL_PANEL!$B$11)) -> 0 | BV22: =IF(BW22<>1,"",IF(BS22<=0,0,MIN(BS22,MAX(0,CONTROL_PANEL!$B$13-BT22)))) -> 0 | BW22: 1 | BY22: =BY10+1 -> 2017 | BZ22: 3 | CA22: =IF(CP22<>1,"",DAY(DATE(BY22,BZ22+1,))) -> 31 | CB22: =IF(CP21<>1,"",235+((CC22/1000/2)^(1/3.02))) -> 260.03776 | CC22: =IF(CP21<>1,"",IF(CM21>0,IF(CM21>CONTROL_PANEL!$B$11,CONTROL_PANEL!$B$11,CM21),0)) -> 33480236 | CD22: =IF(CP22<>1,"",0.6*(CB22-235)^2.02*10000) -> 4011568.7 | CE22: =IF(CP22<>1,"",DATA_INPUT!$I22) -> 1.7023756 | CF22: =IF(CP22<>1,"",CE22*CONTROL_PANEL!$B$5) -> 161555.44 | CG22: =IF(CP22<>1,"",DATA_INPUT!$C22) -> 78.925723 | CH22: =IF(CP22<>1,"",(CG22*CD22)/1000) -> 316615.96 | CI22: =IF(CP22<>1,"",DATA_INPUT!$H22) -> 43.426608 | CJ22: =IF(CP22<>1,"",((CI22*CD22)/1000)) -> 174208.82 | CK22: =IF(CP22<>1,"",CF22*CONTROL_PANEL!$B$14) -> 11308.881 | CL22: =IF(CP22<>1,"",DATA_INPUT!$O22) -> 0 | CM22: =IF(CP22<>1,"",(CC22+CF22+CH22)-(CJ22+CL22+CK22)) -> 33772890 | CN22: =IF(CP22<>1,"",IF(CM22-CONTROL_PANEL!$B$11<0,0,CM22-CONTROL_PANEL!$B$11)) -> 0 | CO22: =IF(CP22<>1,"",IF(CL22<=0,0,MIN(CL22,MAX(0,CONTROL_PANEL!$B$13-CM22)))) -> 0 | CP22: 1
A23: =A11+1 -> 2017 | B23: 4 | C23: =IF(R23<>1,"",DAY(DATE(A23,B23+1,))) -> 30 | D23: =IF(R22<>1,"",235+((E23/1000/2)^(1/3.02))) -> 260.27483 | E23: =IF(R22<>1,"",IF(O22>0,IF(O22>CONTROL_PANEL!$B$11,CONTROL_PANEL!$B$11,O22),0)) -> 34446755 | F23: =IF(R23<>1,"",0.6*(D23-235)^2.02*10000) -> 4088663.7 | G23: =IF(R23<>1,"",DATA_INPUT!I23) -> 0.25389779 | H23: =IF(R23<>1,"",G23*CONTROL_PANEL!$B$5) -> 24094.901 | I23: =IF(R23<>1,"",DATA_INPUT!C23) -> 1.9115987 | J23: =IF(R23<>1,"",(I23*F23)/1000) -> 7815.884 | K23: =IF(R23<>1,"",DATA_INPUT!H23) -> 88.921573 | L23: =IF(R23<>1,"",((K23*F23)/1000)) -> 363570.4 | M23: =IF(R23<>1,"",H23*CONTROL_PANEL!$B$14) -> 1686.643 | N23: =IF(R23<>1,"",DATA_INPUT!K23) -> 375420.44 | O23: =IF(R23<>1,"",(E23+H23+J23)-(L23+N23+M23)) -> 33737988 | P23: =IF(R23<>1,"",IF(O23-CONTROL_PANEL!$B$11<0,0,O23-CONTROL_PANEL!$B$11)) -> 0 | Q23: =IF(R23<>1,"",IF(N23<=0,0,MIN(N23,MAX(0,CONTROL_PANEL!$B$13-O23)))) -> 0 | R23: 1 | T23: =T11+1 -> 2017 | U23: 4 | V23: =IF(AK23<>1,"",DAY(DATE(T23,U23+1,))) -> 30 | W23: =IF(AK22<>1,"",235+((X23/1000/2)^(1/3.02))) -> 259.91068 | X23: =IF(AK22<>1,"",IF(AH22>0,IF(AH22>CONTROL_PANEL!$B$11,CONTROL_PANEL!$B$11,AH22),0)) -> 32969665 | Y23: =IF(AK23<>1,"",0.6*(W23-235)^2.02*10000) -> 3970545.5 | Z23: =IF(AK23<>1,"",DATA_INPUT!I23) -> 0.25389779 | AA23: =IF(AK23<>1,"",Z23*CONTROL_PANEL!$B$5) -> 24094.901 | AB23: =IF(AK23<>1,"",DATA_INPUT!$C23) -> 1.9115987 | AC23: =IF(AK23<>1,"",(AB23*Y23)/1000) -> 7590.0895 | AD23: =IF(AK23<>1,"",DATA_INPUT!$H23) -> 88.921573 | AE23: =IF(AK23<>1,"",((AD23*Y23)/1000)) -> 353067.15 | AF23: =IF(AK23<>1,"",AA23*CONTROL_PANEL!$B$14) -> 1686.643 | AG23: =IF(AK23<>1,"",DATA_INPUT!$L23) -> 479261.34 | AH23: =IF(AK23<>1,"",(X23+AA23+AC23)-(AE23+AG23+AF23)) -> 32167334 | AI23: =IF(AK23<>1,"",IF(AH23-CONTROL_PANEL!$B$11<0,0,AH23-CONTROL_PANEL!$B$11)) -> 0 | AJ23: =IF(AK23<>1,"",IF(AG23<=0,0,MIN(AG23,MAX(0,CONTROL_PANEL!$B$13-AH23)))) -> 0 | AK23: 1 | AM23: =AM11+1 -> 2017 | AN23: 4 | AO23: =IF(BD23<>1,"",DAY(DATE(AM23,AN23+1,))) -> 30 | AP23: =IF(BD22<>1,"",235+((AQ23/1000/2)^(1/3.02))) -> 260.15056 | AQ23: =IF(BD22<>1,"",IF(BA22>0,IF(BA22>CONTROL_PANEL!$B$11,CONTROL_PANEL!$B$11,BA22),0)) -> 33937820 | AR23: =IF(BD23<>1,"",0.6*(AP23-235)^2.02*10000) -> 4048158.7 | AS23: =IF(BD23<>1,"",DATA_INPUT!$I23) -> 0.25389779 | AT23: =IF(BD23<>1,"",AS23*CONTROL_PANEL!$B$5) -> 24094.901 | AU23: =IF(BD23<>1,"",DATA_INPUT!$C23) -> 1.9115987 | AV23: =IF(BD23<>1,"",(AU23*AR23)/1000) -> 7738.4548 | AW23: =IF(BD23<>1,"",DATA_INPUT!$H23) -> 88.921573 | AX23: =IF(BD23<>1,"",((AW23*AR23)/1000)) -> 359968.64 | AY23: =IF(BD23<>1,"",AT23*CONTROL_PANEL!$B$14) -> 1686.643 | AZ23: =IF(BD23<>1,"",DATA_INPUT!$M23) -> 241751.85 | BA23: =IF(BD23<>1,"",(AQ23+AT23+AV23)-(AX23+AZ23+AY23)) -> 33366246 | BB23: =IF(BD23<>1,"",IF(BA23-CONTROL_PANEL!$B$11<0,0,BA23-CONTROL_PANEL!$B$11)) -> 0 | BC23: =IF(BD23<>1,"",IF(AZ23<=0,0,MIN(AZ23,MAX(0,CONTROL_PANEL!$B$13-BA23)))) -> 0 | BD23: 1 | BF23: =BF11+1 -> 2017 | BG23: 4 | BH23: =IF(BW23<>1,"",DAY(DATE(BF23,BG23+1,))) -> 30 | BI23: =IF(BW22<>1,"",235+((BJ23/1000/2)^(1/3.02))) -> 260.30278 | BJ23: =IF(BW22<>1,"",IF(BT22>0,IF(BT22>CONTROL_PANEL!$B$11,CONTROL_PANEL!$B$11,BT22),0)) -> 34561948 | BK23: =IF(BW23<>1,"",0.6*(BI23-235)^2.02*10000) -> 4097804 | BL23: =IF(BW23<>1,"",DATA_INPUT!$I23) -> 0.25389779 | BM23: =IF(BW23<>1,"",BL23*CONTROL_PANEL!$B$5) -> 24094.901 | BN23: =IF(BW23<>1,"",DATA_INPUT!$C23) -> 1.9115987 | BO23: =IF(BW23<>1,"",(BN23*BK23)/1000) -> 7833.3567 | BP23: =IF(BW23<>1,"",DATA_INPUT!$H23) -> 88.921573 | BQ23: =IF(BW23<>1,"",((BP23*BK23)/1000)) -> 364383.18 | BR23: =IF(BW23<>1,"",BM23*CONTROL_PANEL!$B$14) -> 1686.643 | BS23: =IF(BW23<>1,"",DATA_INPUT!$N23) -> 52312.997 | BT23: =IF(BW23<>1,"",(BJ23+BM23+BO23)-(BQ23+BS23+BR23)) -> 34175494 | BU23: =IF(BW23<>1,"",IF(BT23-CONTROL_PANEL!$B$11<0,0,BT23-CONTROL_PANEL!$B$11)) -> 0 | BV23: =IF(BW23<>1,"",IF(BS23<=0,0,MIN(BS23,MAX(0,CONTROL_PANEL!$B$13-BT23)))) -> 0 | BW23: 1 | BY23: =BY11+1 -> 2017 | BZ23: 4 | CA23: =IF(CP23<>1,"",DAY(DATE(BY23,BZ23+1,))) -> 30 | CB23: =IF(CP22<>1,"",235+((CC23/1000/2)^(1/3.02))) -> 260.11002 | CC23: =IF(CP22<>1,"",IF(CM22>0,IF(CM22>CONTROL_PANEL!$B$11,CONTROL_PANEL!$B$11,CM22),0)) -> 33772890 | CD23: =IF(CP23<>1,"",0.6*(CB23-235)^2.02*10000) -> 4034989.3 | CE23: =IF(CP23<>1,"",DATA_INPUT!$I23) -> 0.25389779 | CF23: =IF(CP23<>1,"",CE23*CONTROL_PANEL!$B$5) -> 24094.901 | CG23: =IF(CP23<>1,"",DATA_INPUT!$C23) -> 1.9115987 | CH23: =IF(CP23<>1,"",(CG23*CD23)/1000) -> 7713.2801 | CI23: =IF(CP23<>1,"",DATA_INPUT!$H23) -> 88.921573 | CJ23: =IF(CP23<>1,"",((CI23*CD23)/1000)) -> 358797.59 | CK23: =IF(CP23<>1,"",CF23*CONTROL_PANEL!$B$14) -> 1686.643 | CL23: =IF(CP23<>1,"",DATA_INPUT!$O23) -> 60012.626 | CM23: =IF(CP23<>1,"",(CC23+CF23+CH23)-(CJ23+CL23+CK23)) -> 33384201 | CN23: =IF(CP23<>1,"",IF(CM23-CONTROL_PANEL!$B$11<0,0,CM23-CONTROL_PANEL!$B$11)) -> 0 | CO23: =IF(CP23<>1,"",IF(CL23<=0,0,MIN(CL23,MAX(0,CONTROL_PANEL!$B$13-CM23)))) -> 0 | CP23: 1
A24: =A12+1 -> 2017 | B24: 5 | C24: =IF(R24<>1,"",DAY(DATE(A24,B24+1,))) -> 31 | D24: =IF(R23<>1,"",235+((E24/1000/2)^(1/3.02))) -> 260.10143 | E24: =IF(R23<>1,"",IF(O23>0,IF(O23>CONTROL_PANEL!$B$11,CONTROL_PANEL!$B$11,O23),0)) -> 33737988 | F24: =IF(R24<>1,"",0.6*(D24-235)^2.02*10000) -> 4032199.7 | G24: =IF(R24<>1,"",DATA_INPUT!I24) -> 0.03477925 | H24: =IF(R24<>1,"",G24*CONTROL_PANEL!$B$5) -> 3300.5509 | I24: =IF(R24<>1,"",DATA_INPUT!C24) -> 49.441998 | J24: =IF(R24<>1,"",(I24*F24)/1000) -> 199360.01 | K24: =IF(R24<>1,"",DATA_INPUT!H24) -> 109.58268 | L24: =IF(R24<>1,"",((K24*F24)/1000)) -> 441859.24 | M24: =IF(R24<>1,"",H24*CONTROL_PANEL!$B$14) -> 231.03856 | N24: =IF(R24<>1,"",DATA_INPUT!K24) -> 217709.02 | O24: =IF(R24<>1,"",(E24+H24+J24)-(L24+N24+M24)) -> 33280850 | P24: =IF(R24<>1,"",IF(O24-CONTROL_PANEL!$B$11<0,0,O24-CONTROL_PANEL!$B$11)) -> 0 | Q24: =IF(R24<>1,"",IF(N24<=0,0,MIN(N24,MAX(0,CONTROL_PANEL!$B$13-O24)))) -> 0 | R24: 1 | T24: =T12+1 -> 2017 | U24: 5 | V24: =IF(AK24<>1,"",DAY(DATE(T24,U24+1,))) -> 31 | W24: =IF(AK23<>1,"",235+((X24/1000/2)^(1/3.02))) -> 259.70829 | X24: =IF(AK23<>1,"",IF(AH23>0,IF(AH23>CONTROL_PANEL!$B$11,CONTROL_PANEL!$B$11,AH23),0)) -> 32167334 | Y24: =IF(AK24<>1,"",0.6*(W24-235)^2.02*10000) -> 3905652.4 | Z24: =IF(AK24<>1,"",DATA_INPUT!I24) -> 0.03477925 | AA24: =IF(AK24<>1,"",Z24*CONTROL_PANEL!$B$5) -> 3300.5509 | AB24: =IF(AK24<>1,"",DATA_INPUT!$C24) -> 49.441998 | AC24: =IF(AK24<>1,"",(AB24*Y24)/1000) -> 193103.26 | AD24: =IF(AK24<>1,"",DATA_INPUT!$H24) -> 109.58268 | AE24: =IF(AK24<>1,"",((AD24*Y24)/1000)) -> 427991.85 | AF24: =IF(AK24<>1,"",AA24*CONTROL_PANEL!$B$14) -> 231.03856 | AG24: =IF(AK24<>1,"",DATA_INPUT!$L24) -> 276912.66 | AH24: =IF(AK24<>1,"",(X24+AA24+AC24)-(AE24+AG24+AF24)) -> 31658603 | AI24: =IF(AK24<>1,"",IF(AH24-CONTROL_PANEL!$B$11<0,0,AH24-CONTROL_PANEL!$B$11)) -> 0 | AJ24: =IF(AK24<>1,"",IF(AG24<=0,0,MIN(AG24,MAX(0,CONTROL_PANEL!$B$13-AH24)))) -> 0 | AK24: 1 | AM24: =AM12+1 -> 2017 | AN24: 5 | AO24: =IF(BD24<>1,"",DAY(DATE(AM24,AN24+1,))) -> 31 | AP24: =IF(BD23<>1,"",235+((AQ24/1000/2)^(1/3.02))) -> 260.0095 | AQ24: =IF(BD23<>1,"",IF(BA23>0,IF(BA23>CONTROL_PANEL!$B$11,CONTROL_PANEL!$B$11,BA23),0)) -> 33366246 | AR24: =IF(BD24<>1,"",0.6*(AP24-235)^2.02*10000) -> 4002427.9 | AS24: =IF(BD24<>1,"",DATA_INPUT!$I24) -> 0.03477925 | AT24: =IF(BD24<>1,"",AS24*CONTROL_PANEL!$B$5) -> 3300.5509 | AU24: =IF(BD24<>1,"",DATA_INPUT!$C24) -> 49.441998 | AV24: =IF(BD24<>1,"",(AU24*AR24)/1000) -> 197888.03 | AW24: =IF(BD24<>1,"",DATA_INPUT!$H24) -> 109.58268 | AX24: =IF(BD24<>1,"",((AW24*AR24)/1000)) -> 438596.77 | AY24: =IF(BD24<>1,"",AT24*CONTROL_PANEL!$B$14) -> 231.03856 | AZ24: =IF(BD24<>1,"",DATA_INPUT!$M24) -> 211465.59 | BA24: =IF(BD24<>1,"",(AQ24+AT24+AV24)-(AX24+AZ24+AY24)) -> 32917141 | BB24: =IF(BD24<>1,"",IF(BA24-CONTROL_PANEL!$B$11<0,0,BA24-CONTROL_PANEL!$B$11)) -> 0 | BC24: =IF(BD24<>1,"",IF(AZ24<=0,0,MIN(AZ24,MAX(0,CONTROL_PANEL!$B$13-BA24)))) -> 0 | BD24: 1 | BF24: =BF12+1 -> 2017 | BG24: 5 | BH24: =IF(BW24<>1,"",DAY(DATE(BF24,BG24+1,))) -> 31 | BI24: =IF(BW23<>1,"",235+((BJ24/1000/2)^(1/3.02))) -> 260.20875 | BJ24: =IF(BW23<>1,"",IF(BT23>0,IF(BT23>CONTROL_PANEL!$B$11,CONTROL_PANEL!$B$11,BT23),0)) -> 34175494 | BK24: =IF(BW24<>1,"",0.6*(BI24-235)^2.02*10000) -> 4067099.5 | BL24: =IF(BW24<>1,"",DATA_INPUT!$I24) -> 0.03477925 | BM24: =IF(BW24<>1,"",BL24*CONTROL_PANEL!$B$5) -> 3300.5509 | BN24: =IF(BW24<>1,"",DATA_INPUT!$C24) -> 49.441998 | BO24: =IF(BW24<>1,"",(BN24*BK24)/1000) -> 201085.52 | BP24: =IF(BW24<>1,"",DATA_INPUT!$H24) -> 109.58268 | BQ24: =IF(BW24<>1,"",((BP24*BK24)/1000)) -> 445683.65 | BR24: =IF(BW24<>1,"",BM24*CONTROL_PANEL!$B$14) -> 231.03856 | BS24: =IF(BW24<>1,"",DATA_INPUT!$N24) -> 163660.57 | BT24: =IF(BW24<>1,"",(BJ24+BM24+BO24)-(BQ24+BS24+BR24)) -> 33770305 | BU24: =IF(BW24<>1,"",IF(BT24-CONTROL_PANEL!$B$11<0,0,BT24-CONTROL_PANEL!$B$11)) -> 0 | BV24: =IF(BW24<>1,"",IF(BS24<=0,0,MIN(BS24,MAX(0,CONTROL_PANEL!$B$13-BT24)))) -> 0 | BW24: 1 | BY24: =BY12+1 -> 2017 | BZ24: 5 | CA24: =IF(CP24<>1,"",DAY(DATE(BY24,BZ24+1,))) -> 31 | CB24: =IF(CP23<>1,"",235+((CC24/1000/2)^(1/3.02))) -> 260.01396 | CC24: =IF(CP23<>1,"",IF(CM23>0,IF(CM23>CONTROL_PANEL!$B$11,CONTROL_PANEL!$B$11,CM23),0)) -> 33384201 | CD24: =IF(CP24<>1,"",0.6*(CB24-235)^2.02*10000) -> 4003868.4 | CE24: =IF(CP24<>1,"",DATA_INPUT!$I24) -> 0.03477925 | CF24: =IF(CP24<>1,"",CE24*CONTROL_PANEL!$B$5) -> 3300.5509 | CG24: =IF(CP24<>1,"",DATA_INPUT!$C24) -> 49.441998 | CH24: =IF(CP24<>1,"",(CG24*CD24)/1000) -> 197959.25 | CI24: =IF(CP24<>1,"",DATA_INPUT!$H24) -> 109.58268 | CJ24: =IF(CP24<>1,"",((CI24*CD24)/1000)) -> 438754.62 | CK24: =IF(CP24<>1,"",CF24*CONTROL_PANEL!$B$14) -> 231.03856 | CL24: =IF(CP24<>1,"",DATA_INPUT!$O24) -> 187580.12 | CM24: =IF(CP24<>1,"",(CC24+CF24+CH24)-(CJ24+CL24+CK24)) -> 32958895 | CN24: =IF(CP24<>1,"",IF(CM24-CONTROL_PANEL!$B$11<0,0,CM24-CONTROL_PANEL!$B$11)) -> 0 | CO24: =IF(CP24<>1,"",IF(CL24<=0,0,MIN(CL24,MAX(0,CONTROL_PANEL!$B$13-CM24)))) -> 0 | CP24: 1
A25: =A13+1 -> 2017 | B25: 6 | C25: =IF(R25<>1,"",DAY(DATE(A25,B25+1,))) -> 30 | D25: =IF(R24<>1,"",235+((E25/1000/2)^(1/3.02))) -> 259.98829 | E25: =IF(R24<>1,"",IF(O24>0,IF(O24>CONTROL_PANEL!$B$11,CONTROL_PANEL!$B$11,O24),0)) -> 33280850 | F25: =IF(R25<>1,"",0.6*(D25-235)^2.02*10000) -> 3995573.3 | G25: =IF(R25<>1,"",DATA_INPUT!I25) -> 0.0051870898 | H25: =IF(R25<>1,"",G25*CONTROL_PANEL!$B$5) -> 492.25482 | I25: =IF(R25<>1,"",DATA_INPUT!C25) -> 9.4666667 | J25: =IF(R25<>1,"",(I25*F25)/1000) -> 37824.76 | K25: =IF(R25<>1,"",DATA_INPUT!H25) -> 186.74924 | L25: =IF(R25<>1,"",((K25*F25)/1000)) -> 746170.28 | M25: =IF(R25<>1,"",H25*CONTROL_PANEL!$B$14) -> 34.457837 | N25: =IF(R25<>1,"",DATA_INPUT!K25) -> 1084457.4 | O25: =IF(R25<>1,"",(E25+H25+J25)-(L25+N25+M25)) -> 31488504 | P25: =IF(R25<>1,"",IF(O25-CONTROL_PANEL!$B$11<0,0,O25-CONTROL_PANEL!$B$11)) -> 0 | Q25: =IF(R25<>1,"",IF(N25<=0,0,MIN(N25,MAX(0,CONTROL_PANEL!$B$13-O25)))) -> 0 | R25: 1 | T25: =T13+1 -> 2017 | U25: 6 | V25: =IF(AK25<>1,"",DAY(DATE(T25,U25+1,))) -> 30 | W25: =IF(AK24<>1,"",235+((X25/1000/2)^(1/3.02))) -> 259.57821 | X25: =IF(AK24<>1,"",IF(AH24>0,IF(AH24>CONTROL_PANEL!$B$11,CONTROL_PANEL!$B$11,AH24),0)) -> 31658603 | Y25: =IF(AK25<>1,"",0.6*(W25-235)^2.02*10000) -> 3864228.1 | Z25: =IF(AK25<>1,"",DATA_INPUT!I25) -> 0.0051870898 | AA25: =IF(AK25<>1,"",Z25*CONTROL_PANEL!$B$5) -> 492.25482 | AB25: =IF(AK25<>1,"",DATA_INPUT!$C25) -> 9.4666667 | AC25: =IF(AK25<>1,"",(AB25*Y25)/1000) -> 36581.359 | AD25: =IF(AK25<>1,"",DATA_INPUT!$H25) -> 186.74924 | AE25: =IF(AK25<>1,"",((AD25*Y25)/1000)) -> 721641.67 | AF25: =IF(AK25<>1,"",AA25*CONTROL_PANEL!$B$14) -> 34.457837 | AG25: =IF(AK25<>1,"",DATA_INPUT!$L25) -> 1381067.5 | AH25: =IF(AK25<>1,"",(X25+AA25+AC25)-(AE25+AG25+AF25)) -> 29592933 | AI25: =IF(AK25<>1,"",IF(AH25-CONTROL_PANEL!$B$11<0,0,AH25-CONTROL_PANEL!$B$11)) -> 0 | AJ25: =IF(AK25<>1,"",IF(AG25<=0,0,MIN(AG25,MAX(0,CONTROL_PANEL!$B$13-AH25)))) -> 0 | AK25: 1 | AM25: =AM13+1 -> 2017 | AN25: 6 | AO25: =IF(BD25<>1,"",DAY(DATE(AM25,AN25+1,))) -> 30 | AP25: =IF(BD24<>1,"",235+((AQ25/1000/2)^(1/3.02))) -> 259.89753 | AQ25: =IF(BD24<>1,"",IF(BA24>0,IF(BA24>CONTROL_PANEL!$B$11,CONTROL_PANEL!$B$11,BA24),0)) -> 32917141 | AR25: =IF(BD25<>1,"",0.6*(AP25-235)^2.02*10000) -> 3966313.5 | AS25: =IF(BD25<>1,"",DATA_INPUT!$I25) -> 0.0051870898 | AT25: =IF(BD25<>1,"",AS25*CONTROL_PANEL!$B$5) -> 492.25482 | AU25: =IF(BD25<>1,"",DATA_INPUT!$C25) -> 9.4666667 | AV25: =IF(BD25<>1,"",(AU25*AR25)/1000) -> 37547.768 | AW25: =IF(BD25<>1,"",DATA_INPUT!$H25) -> 186.74924 | AX25: =IF(BD25<>1,"",((AW25*AR25)/1000)) -> 740706.04 | AY25: =IF(BD25<>1,"",AT25*CONTROL_PANEL!$B$14) -> 34.457837 | AZ25: =IF(BD25<>1,"",DATA_INPUT!$M25) -> 1165726.1 | BA25: =IF(BD25<>1,"",(AQ25+AT25+AV25)-(AX25+AZ25+AY25)) -> 31048715 | BB25: =IF(BD25<>1,"",IF(BA25-CONTROL_PANEL!$B$11<0,0,BA25-CONTROL_PANEL!$B$11)) -> 0 | BC25: =IF(BD25<>1,"",IF(AZ25<=0,0,MIN(AZ25,MAX(0,CONTROL_PANEL!$B$13-BA25)))) -> 0 | BD25: 1 | BF25: =BF13+1 -> 2017 | BG25: 6 | BH25: =IF(BW25<>1,"",DAY(DATE(BF25,BG25+1,))) -> 30 | BI25: =IF(BW24<>1,"",235+((BJ25/1000/2)^(1/3.02))) -> 260.10939 | BJ25: =IF(BW24<>1,"",IF(BT24>0,IF(BT24>CONTROL_PANEL!$B$11,CONTROL_PANEL!$B$11,BT24),0)) -> 33770305 | BK25: =IF(BW25<>1,"",0.6*(BI25-235)^2.02*10000) -> 4034782.7 | BL25: =IF(BW25<>1,"",DATA_INPUT!$I25) -> 0.0051870898 | BM25: =IF(BW25<>1,"",BL25*CONTROL_PANEL!$B$5) -> 492.25482 | BN25: =IF(BW25<>1,"",DATA_INPUT!$C25) -> 9.4666667 | BO25: =IF(BW25<>1,"",(BN25*BK25)/1000) -> 38195.942 | BP25: =IF(BW25<>1,"",DATA_INPUT!$H25) -> 186.74924 | BQ25: =IF(BW25<>1,"",((BP25*BK25)/1000)) -> 753492.61 | BR25: =IF(BW25<>1,"",BM25*CONTROL_PANEL!$B$14) -> 34.457837 | BS25: =IF(BW25<>1,"",DATA_INPUT!$N25) -> 1022433.9 | BT25: =IF(BW25<>1,"",(BJ25+BM25+BO25)-(BQ25+BS25+BR25)) -> 32033032 | BU25: =IF(BW25<>1,"",IF(BT25-CONTROL_PANEL!$B$11<0,0,BT25-CONTROL_PANEL!$B$11)) -> 0 | BV25: =IF(BW25<>1,"",IF(BS25<=0,0,MIN(BS25,MAX(0,CONTROL_PANEL!$B$13-BT25)))) -> 0 | BW25: 1 | BY25: =BY13+1 -> 2017 | BZ25: 6 | CA25: =IF(CP25<>1,"",DAY(DATE(BY25,BZ25+1,))) -> 30 | CB25: =IF(CP24<>1,"",235+((CC25/1000/2)^(1/3.02))) -> 259.90799 | CC25: =IF(CP24<>1,"",IF(CM24>0,IF(CM24>CONTROL_PANEL!$B$11,CONTROL_PANEL!$B$11,CM24),0)) -> 32958895 | CD25: =IF(CP25<>1,"",0.6*(CB25-235)^2.02*10000) -> 3969677.9 | CE25: =IF(CP25<>1,"",DATA_INPUT!$I25) -> 0.0051870898 | CF25: =IF(CP25<>1,"",CE25*CONTROL_PANEL!$B$5) -> 492.25482 | CG25: =IF(CP25<>1,"",DATA_INPUT!$C25) -> 9.4666667 | CH25: =IF(CP25<>1,"",(CG25*CD25)/1000) -> 37579.618 | CI25: =IF(CP25<>1,"",DATA_INPUT!$H25) -> 186.74924 | CJ25: =IF(CP25<>1,"",((CI25*CD25)/1000)) -> 741334.35 | CK25: =IF(CP25<>1,"",CF25*CONTROL_PANEL!$B$14) -> 34.457837 | CL25: =IF(CP25<>1,"",DATA_INPUT!$O25) -> 1174945.5 | CM25: =IF(CP25<>1,"",(CC25+CF25+CH25)-(CJ25+CL25+CK25)) -> 31080653 | CN25: =IF(CP25<>1,"",IF(CM25-CONTROL_PANEL!$B$11<0,0,CM25-CONTROL_PANEL!$B$11)) -> 0 | CO25: =IF(CP25<>1,"",IF(CL25<=0,0,MIN(CL25,MAX(0,CONTROL_PANEL!$B$13-CM25)))) -> 0 | CP25: 1
A26: =A14+1 -> 2017 | B26: 7 | C26: =IF(R26<>1,"",DAY(DATE(A26,B26+1,))) -> 31 | D26: =IF(R25<>1,"",235+((E26/1000/2)^(1/3.02))) -> 259.5344 | E26: =IF(R25<>1,"",IF(O25>0,IF(O25>CONTROL_PANEL!$B$11,CONTROL_PANEL!$B$11,O25),0)) -> 31488504 | F26: =IF(R26<>1,"",0.6*(D26-235)^2.02*10000) -> 3850328.5 | G26: =IF(R26<>1,"",DATA_INPUT!I26) -> 0.00071813467 | H26: =IF(R26<>1,"",G26*CONTROL_PANEL!$B$5) -> 68.150981 | I26: =IF(R26<>1,"",DATA_INPUT!C26) -> 0 | J26: =IF(R26<>1,"",(I26*F26)/1000) -> 0 | K26: =IF(R26<>1,"",DATA_INPUT!H26) -> 207.59361 | L26: =IF(R26<>1,"",((K26*F26)/1000)) -> 799303.6 | M26: =IF(R26<>1,"",H26*CONTROL_PANEL!$B$14) -> 4.7705686 | N26: =IF(R26<>1,"",DATA_INPUT!K26) -> 1908588.9 | O26: =IF(R26<>1,"",(E26+H26+J26)-(L26+N26+M26)) -> 28780675 | P26: =IF(R26<>1,"",IF(O26-CONTROL_PANEL!$B$11<0,0,O26-CONTROL_PANEL!$B$11)) -> 0 | Q26: =IF(R26<>1,"",IF(N26<=0,0,MIN(N26,MAX(0,CONTROL_PANEL!$B$13-O26)))) -> 0 | R26: 1 | T26: =T14+1 -> 2017 | U26: 7 | V26: =IF(AK26<>1,"",DAY(DATE(T26,U26+1,))) -> 31 | W26: =IF(AK25<>1,"",235+((X26/1000/2)^(1/3.02))) -> 259.03516 | X26: =IF(AK25<>1,"",IF(AH25>0,IF(AH25>CONTROL_PANEL!$B$11,CONTROL_PANEL!$B$11,AH25),0)) -> 29592933 | Y26: =IF(AK26<>1,"",0.6*(W26-235)^2.02*10000) -> 3693705.3 | Z26: =IF(AK26<>1,"",DATA_INPUT!I26) -> 0.00071813467 | AA26: =IF(AK26<>1,"",Z26*CONTROL_PANEL!$B$5) -> 68.150981 | AB26: =IF(AK26<>1,"",DATA_INPUT!$C26) -> 0 | AC26: =IF(AK26<>1,"",(AB26*Y26)/1000) -> 0 | AD26: =IF(AK26<>1,"",DATA_INPUT!$H26) -> 207.59361 | AE26: =IF(AK26<>1,"",((AD26*Y26)/1000)) -> 766789.62 | AF26: =IF(AK26<>1,"",AA26*CONTROL_PANEL!$B$14) -> 4.7705686 | AG26: =IF(AK26<>1,"",DATA_INPUT!$L26) -> 2431776.9 | AH26: =IF(AK26<>1,"",(X26+AA26+AC26)-(AE26+AG26+AF26)) -> 26394430 | AI26: =IF(AK26<>1,"",IF(AH26-CONTROL_PANEL!$B$11<0,0,AH26-CONTROL_PANEL!$B$11)) -> 0 | AJ26: =IF(AK26<>1,"",IF(AG26<=0,0,MIN(AG26,MAX(0,CONTROL_PANEL!$B$13-AH26)))) -> 0 | AK26: 1 | AM26: =AM14+1 -> 2017 | AN26: 7 | AO26: =IF(BD26<>1,"",DAY(DATE(AM26,AN26+1,))) -> 31 | AP26: =IF(BD25<>1,"",235+((AQ26/1000/2)^(1/3.02))) -> 259.4204 | AQ26: =IF(BD25<>1,"",IF(BA25>0,IF(BA25>CONTROL_PANEL!$B$11,CONTROL_PANEL!$B$11,BA25),0)) -> 31048715 | AR26: =IF(BD26<>1,"",0.6*(AP26-235)^2.02*10000) -> 3814275.2 | AS26: =IF(BD26<>1,"",DATA_INPUT!$I26) -> 0.00071813467 | AT26: =IF(BD26<>1,"",AS26*CONTROL_PANEL!$B$5) -> 68.150981 | AU26: =IF(BD26<>1,"",DATA_INPUT!$C26) -> 0 | AV26: =IF(BD26<>1,"",(AU26*AR26)/1000) -> 0 | AW26: =IF(BD26<>1,"",DATA_INPUT!$H26) -> 207.59361 | AX26: =IF(BD26<>1,"",((AW26*AR26)/1000)) -> 791819.17 | AY26: =IF(BD26<>1,"",AT26*CONTROL_PANEL!$B$14) -> 4.7705686 | AZ26: =IF(BD26<>1,"",DATA_INPUT!$M26) -> 2136483.9 | BA26: =IF(BD26<>1,"",(AQ26+AT26+AV26)-(AX26+AZ26+AY26)) -> 28120475 | BB26: =IF(BD26<>1,"",IF(BA26-CONTROL_PANEL!$B$11<0,0,BA26-CONTROL_PANEL!$B$11)) -> 0 | BC26: =IF(BD26<>1,"",IF(AZ26<=0,0,MIN(AZ26,MAX(0,CONTROL_PANEL!$B$13-BA26)))) -> 0 | BD26: 1 | BF26: =BF14+1 -> 2017 | BG26: 7 | BH26: =IF(BW26<>1,"",DAY(DATE(BF26,BG26+1,))) -> 31 | BI26: =IF(BW25<>1,"",235+((BJ26/1000/2)^(1/3.02))) -> 259.67409 | BJ26: =IF(BW25<>1,"",IF(BT25>0,IF(BT25>CONTROL_PANEL!$B$11,CONTROL_PANEL!$B$11,BT25),0)) -> 32033032 | BK26: =IF(BW26<>1,"",0.6*(BI26-235)^2.02*10000) -> 3894737.8 | BL26: =IF(BW26<>1,"",DATA_INPUT!$I26) -> 0.00071813467 | BM26: =IF(BW26<>1,"",BL26*CONTROL_PANEL!$B$5) -> 68.150981 | BN26: =IF(BW26<>1,"",DATA_INPUT!$C26) -> 0 | BO26: =IF(BW26<>1,"",(BN26*BK26)/1000) -> 0 | BP26: =IF(BW26<>1,"",DATA_INPUT!$H26) -> 207.59361 | BQ26: =IF(BW26<>1,"",((BP26*BK26)/1000)) -> 808522.69 | BR26: =IF(BW26<>1,"",BM26*CONTROL_PANEL!$B$14) -> 4.7705686 | BS26: =IF(BW26<>1,"",DATA_INPUT!$N26) -> 1956241 | BT26: =IF(BW26<>1,"",(BJ26+BM26+BO26)-(BQ26+BS26+BR26)) -> 29268331 | BU26: =IF(BW26<>1,"",IF(BT26-CONTROL_PANEL!$B$11<0,0,BT26-CONTROL_PANEL!$B$11)) -> 0 | BV26: =IF(BW26<>1,"",IF(BS26<=0,0,MIN(BS26,MAX(0,CONTROL_PANEL!$B$13-BT26)))) -> 0 | BW26: 1 | BY26: =BY14+1 -> 2017 | BZ26: 7 | CA26: =IF(CP26<>1,"",DAY(DATE(BY26,BZ26+1,))) -> 31 | CB26: =IF(CP25<>1,"",235+((CC26/1000/2)^(1/3.02))) -> 259.42872 | CC26: =IF(CP25<>1,"",IF(CM25>0,IF(CM25>CONTROL_PANEL!$B$11,CONTROL_PANEL!$B$11,CM25),0)) -> 31080653 | CD26: =IF(CP26<>1,"",0.6*(CB26-235)^2.02*10000) -> 3816899.1 | CE26: =IF(CP26<>1,"",DATA_INPUT!$I26) -> 0.00071813467 | CF26: =IF(CP26<>1,"",CE26*CONTROL_PANEL!$B$5) -> 68.150981 | CG26: =IF(CP26<>1,"",DATA_INPUT!$C26) -> 0 | CH26: =IF(CP26<>1,"",(CG26*CD26)/1000) -> 0 | CI26: =IF(CP26<>1,"",DATA_INPUT!$H26) -> 207.59361 | CJ26: =IF(CP26<>1,"",((CI26*CD26)/1000)) -> 792363.87 | CK26: =IF(CP26<>1,"",CF26*CONTROL_PANEL!$B$14) -> 4.7705686 | CL26: =IF(CP26<>1,"",DATA_INPUT!$O26) -> 2249329 | CM26: =IF(CP26<>1,"",(CC26+CF26+CH26)-(CJ26+CL26+CK26)) -> 28039023 | CN26: =IF(CP26<>1,"",IF(CM26-CONTROL_PANEL!$B$11<0,0,CM26-CONTROL_PANEL!$B$11)) -> 0 | CO26: =IF(CP26<>1,"",IF(CL26<=0,0,MIN(CL26,MAX(0,CONTROL_PANEL!$B$13-CM26)))) -> 0 | CP26: 1
A27: =A15+1 -> 2017 | B27: 8 | C27: =IF(R27<>1,"",DAY(DATE(A27,B27+1,))) -> 31 | D27: =IF(R26<>1,"",235+((E27/1000/2)^(1/3.02))) -> 258.81468 | E27: =IF(R26<>1,"",IF(O26>0,IF(O26>CONTROL_PANEL!$B$11,CONTROL_PANEL!$B$11,O26),0)) -> 28780675 | F27: =IF(R27<>1,"",0.6*(D27-235)^2.02*10000) -> 3625580.4 | G27: =IF(R27<>1,"",DATA_INPUT!I27) -> 9.8371023e-05 | H27: =IF(R27<>1,"",G27*CONTROL_PANEL!$B$5) -> 9.3354101 | I27: =IF(R27<>1,"",DATA_INPUT!C27) -> 14.699363 | J27: =IF(R27<>1,"",(I27*F27)/1000) -> 53293.723 | K27: =IF(R27<>1,"",DATA_INPUT!H27) -> 201.06192 | L27: =IF(R27<>1,"",((K27*F27)/1000)) -> 728966.15 | M27: =IF(R27<>1,"",H27*CONTROL_PANEL!$B$14) -> 0.65347871 | N27: =IF(R27<>1,"",DATA_INPUT!K27) -> 1247883.4 | O27: =IF(R27<>1,"",(E27+H27+J27)-(L27+N27+M27)) -> 26857128 | P27: =IF(R27<>1,"",IF(O27-CONTROL_PANEL!$B$11<0,0,O27-CONTROL_PANEL!$B$11)) -> 0 | Q27: =IF(R27<>1,"",IF(N27<=0,0,MIN(N27,MAX(0,CONTROL_PANEL!$B$13-O27)))) -> 0 | R27: 1 | T27: =T15+1 -> 2017 | U27: 8 | V27: =IF(AK27<>1,"",DAY(DATE(T27,U27+1,))) -> 31 | W27: =IF(AK26<>1,"",235+((X27/1000/2)^(1/3.02))) -> 258.14185 | X27: =IF(AK26<>1,"",IF(AH26>0,IF(AH26>CONTROL_PANEL!$B$11,CONTROL_PANEL!$B$11,AH26),0)) -> 26394430 | Y27: =IF(AK27<>1,"",0.6*(W27-235)^2.02*10000) -> 3421648.8 | Z27: =IF(AK27<>1,"",DATA_INPUT!I27) -> 9.8371023e-05 | AA27: =IF(AK27<>1,"",Z27*CONTROL_PANEL!$B$5) -> 9.3354101 | AB27: =IF(AK27<>1,"",DATA_INPUT!$C27) -> 14.699363 | AC27: =IF(AK27<>1,"",(AB27*Y27)/1000) -> 50296.059 | AD27: =IF(AK27<>1,"",DATA_INPUT!$H27) -> 201.06192 | AE27: =IF(AK27<>1,"",((AD27*Y27)/1000)) -> 687963.27 | AF27: =IF(AK27<>1,"",AA27*CONTROL_PANEL!$B$14) -> 0.65347871 | AG27: =IF(AK27<>1,"",DATA_INPUT!$L27) -> 1588730.7 | AH27: =IF(AK27<>1,"",(X27+AA27+AC27)-(AE27+AG27+AF27)) -> 24168040 | AI27: =IF(AK27<>1,"",IF(AH27-CONTROL_PANEL!$B$11<0,0,AH27-CONTROL_PANEL!$B$11)) -> 0 | AJ27: =IF(AK27<>1,"",IF(AG27<=0,0,MIN(AG27,MAX(0,CONTROL_PANEL!$B$13-AH27)))) -> 0 | AK27: 1 | AM27: =AM15+1 -> 2017 | AN27: 8 | AO27: =IF(BD27<>1,"",DAY(DATE(AM27,AN27+1,))) -> 31 | AP27: =IF(BD26<>1,"",235+((AQ27/1000/2)^(1/3.02))) -> 258.63238 | AQ27: =IF(BD26<>1,"",IF(BA26>0,IF(BA26>CONTROL_PANEL!$B$11,CONTROL_PANEL!$B$11,BA26),0)) -> 28120475 | AR27: =IF(BD27<>1,"",0.6*(AP27-235)^2.02*10000) -> 3569738.5 | AS27: =IF(BD27<>1,"",DATA_INPUT!$I27) -> 9.8371023e-05 | AT27: =IF(BD27<>1,"",AS27*CONTROL_PANEL!$B$5) -> 9.3354101 | AU27: =IF(BD27<>1,"",DATA_INPUT!$C27) -> 14.699363 | AV27: =IF(BD27<>1,"",(AU27*AR27)/1000) -> 52472.884 | AW27: =IF(BD27<>1,"",DATA_INPUT!$H27) -> 201.06192 | AX27: =IF(BD27<>1,"",((AW27*AR27)/1000)) -> 717738.48 | AY27: =IF(BD27<>1,"",AT27*CONTROL_PANEL!$B$14) -> 0.65347871 | AZ27: =IF(BD27<>1,"",DATA_INPUT!$M27) -> 1403083.9 | BA27: =IF(BD27<>1,"",(AQ27+AT27+AV27)-(AX27+AZ27+AY27)) -> 26052134 | BB27: =IF(BD27<>1,"",IF(BA27-CONTROL_PANEL!$B$11<0,0,BA27-CONTROL_PANEL!$B$11)) -> 0 | BC27: =IF(BD27<>1,"",IF(AZ27<=0,0,MIN(AZ27,MAX(0,CONTROL_PANEL!$B$13-BA27)))) -> 0 | BD27: 1 | BF27: =BF15+1 -> 2017 | BG27: 8 | BH27: =IF(BW27<>1,"",DAY(DATE(BF27,BG27+1,))) -> 31 | BI27: =IF(BW26<>1,"",235+((BJ27/1000/2)^(1/3.02))) -> 258.94754 | BJ27: =IF(BW26<>1,"",IF(BT26>0,IF(BT26>CONTROL_PANEL!$B$11,CONTROL_PANEL!$B$11,BT26),0)) -> 29268331 | BK27: =IF(BW27<>1,"",0.6*(BI27-235)^2.02*10000) -> 3666555.8 | BL27: =IF(BW27<>1,"",DATA_INPUT!$I27) -> 9.8371023e-05 | BM27: =IF(BW27<>1,"",BL27*CONTROL_PANEL!$B$5) -> 9.3354101 | BN27: =IF(BW27<>1,"",DATA_INPUT!$C27) -> 14.699363 | BO27: =IF(BW27<>1,"",(BN27*BK27)/1000) -> 53896.036 | BP27: =IF(BW27<>1,"",DATA_INPUT!$H27) -> 201.06192 | BQ27: =IF(BW27<>1,"",((BP27*BK27)/1000)) -> 737204.75 | BR27: =IF(BW27<>1,"",BM27*CONTROL_PANEL!$B$14) -> 0.65347871 | BS27: =IF(BW27<>1,"",DATA_INPUT!$N27) -> 1291677.9 | BT27: =IF(BW27<>1,"",(BJ27+BM27+BO27)-(BQ27+BS27+BR27)) -> 27293353 | BU27: =IF(BW27<>1,"",IF(BT27-CONTROL_PANEL!$B$11<0,0,BT27-CONTROL_PANEL!$B$11)) -> 0 | BV27: =IF(BW27<>1,"",IF(BS27<=0,0,MIN(BS27,MAX(0,CONTROL_PANEL!$B$13-BT27)))) -> 0 | BW27: 1 | BY27: =BY15+1 -> 2017 | BZ27: 8 | CA27: =IF(CP27<>1,"",DAY(DATE(BY27,BZ27+1,))) -> 31 | CB27: =IF(CP26<>1,"",235+((CC27/1000/2)^(1/3.02))) -> 258.60969 | CC27: =IF(CP26<>1,"",IF(CM26>0,IF(CM26>CONTROL_PANEL!$B$11,CONTROL_PANEL!$B$11,CM26),0)) -> 28039023 | CD27: =IF(CP27<>1,"",0.6*(CB27-235)^2.02*10000) -> 3562819.1 | CE27: =IF(CP27<>1,"",DATA_INPUT!$I27) -> 9.8371023e-05 | CF27: =IF(CP27<>1,"",CE27*CONTROL_PANEL!$B$5) -> 9.3354101 | CG27: =IF(CP27<>1,"",DATA_INPUT!$C27) -> 14.699363 | CH27: =IF(CP27<>1,"",(CG27*CD27)/1000) -> 52371.173 | CI27: =IF(CP27<>1,"",DATA_INPUT!$H27) -> 201.06192 | CJ27: =IF(CP27<>1,"",((CI27*CD27)/1000)) -> 716347.25 | CK27: =IF(CP27<>1,"",CF27*CONTROL_PANEL!$B$14) -> 0.65347871 | CL27: =IF(CP27<>1,"",DATA_INPUT!$O27) -> 1484043.5 | CM27: =IF(CP27<>1,"",(CC27+CF27+CH27)-(CJ27+CL27+CK27)) -> 25891012 | CN27: =IF(CP27<>1,"",IF(CM27-CONTROL_PANEL!$B$11<0,0,CM27-CONTROL_PANEL!$B$11)) -> 0 | CO27: =IF(CP27<>1,"",IF(CL27<=0,0,MIN(CL27,MAX(0,CONTROL_PANEL!$B$13-CM27)))) -> 0 | CP27: 1
A28: =A16+1 -> 2017 | B28: 9 | C28: =IF(R28<>1,"",DAY(DATE(A28,B28+1,))) -> 30 | D28: =IF(R27<>1,"",235+((E28/1000/2)^(1/3.02))) -> 258.2754 | E28: =IF(R27<>1,"",IF(O27>0,IF(O27>CONTROL_PANEL!$B$11,CONTROL_PANEL!$B$11,O27),0)) -> 26857128 | F28: =IF(R28<>1,"",0.6*(D28-235)^2.02*10000) -> 3461653.7 | G28: =IF(R28<>1,"",DATA_INPUT!I28) -> 1.4671372e-05 | H28: =IF(R28<>1,"",G28*CONTROL_PANEL!$B$5) -> 1.3923132 | I28: =IF(R28<>1,"",DATA_INPUT!C28) -> 0 | J28: =IF(R28<>1,"",(I28*F28)/1000) -> 0 | K28: =IF(R28<>1,"",DATA_INPUT!H28) -> 139.33673 | L28: =IF(R28<>1,"",((K28*F28)/1000)) -> 482335.51 | M28: =IF(R28<>1,"",H28*CONTROL_PANEL!$B$14) -> 0.097461926 | N28: =IF(R28<>1,"",DATA_INPUT!K28) -> 742727.3 | O28: =IF(R28<>1,"",(E28+H28+J28)-(L28+N28+M28)) -> 25632067 | P28: =IF(R28<>1,"",IF(O28-CONTROL_PANEL!$B$11<0,0,O28-CONTROL_PANEL!$B$11)) -> 0 | Q28: =IF(R28<>1,"",IF(N28<=0,0,MIN(N28,MAX(0,CONTROL_PANEL!$B$13-O28)))) -> 0 | R28: 1 | T28: =T16+1 -> 2017 | U28: 9 | V28: =IF(AK28<>1,"",DAY(DATE(T28,U28+1,))) -> 30 | W28: =IF(AK27<>1,"",235+((X28/1000/2)^(1/3.02))) -> 257.47634 | X28: =IF(AK27<>1,"",IF(AH27>0,IF(AH27>CONTROL_PANEL!$B$11,CONTROL_PANEL!$B$11,AH27),0)) -> 24168040 | Y28: =IF(AK28<>1,"",0.6*(W28-235)^2.02*10000) -> 3225797.1 | Z28: =IF(AK28<>1,"",DATA_INPUT!I28) -> 1.4671372e-05 | AA28: =IF(AK28<>1,"",Z28*CONTROL_PANEL!$B$5) -> 1.3923132 | AB28: =IF(AK28<>1,"",DATA_INPUT!$C28) -> 0 | AC28: =IF(AK28<>1,"",(AB28*Y28)/1000) -> 0 | AD28: =IF(AK28<>1,"",DATA_INPUT!$H28) -> 139.33673 | AE28: =IF(AK28<>1,"",((AD28*Y28)/1000)) -> 449472.03 | AF28: =IF(AK28<>1,"",AA28*CONTROL_PANEL!$B$14) -> 0.097461926 | AG28: =IF(AK28<>1,"",DATA_INPUT!$L28) -> 946943.9 | AH28: =IF(AK28<>1,"",(X28+AA28+AC28)-(AE28+AG28+AF28)) -> 22771626 | AI28: =IF(AK28<>1,"",IF(AH28-CONTROL_PANEL!$B$11<0,0,AH28-CONTROL_PANEL!$B$11)) -> 0 | AJ28: =IF(AK28<>1,"",IF(AG28<=0,0,MIN(AG28,MAX(0,CONTROL_PANEL!$B$13-AH28)))) -> 0 | AK28: 1 | AM28: =AM16+1 -> 2017 | AN28: 9 | AO28: =IF(BD28<>1,"",DAY(DATE(AM28,AN28+1,))) -> 30 | AP28: =IF(BD27<>1,"",235+((AQ28/1000/2)^(1/3.02))) -> 258.04204 | AQ28: =IF(BD27<>1,"",IF(BA27>0,IF(BA27>CONTROL_PANEL!$B$11,CONTROL_PANEL!$B$11,BA27),0)) -> 26052134 | AR28: =IF(BD28<>1,"",0.6*(AP28-235)^2.02*10000) -> 3391904.4 | AS28: =IF(BD28<>1,"",DATA_INPUT!$I28) -> 1.4671372e-05 | AT28: =IF(BD28<>1,"",AS28*CONTROL_PANEL!$B$5) -> 1.3923132 | AU28: =IF(BD28<>1,"",DATA_INPUT!$C28) -> 0 | AV28: =IF(BD28<>1,"",(AU28*AR28)/1000) -> 0 | AW28: =IF(BD28<>1,"",DATA_INPUT!$H28) -> 139.33673 | AX28: =IF(BD28<>1,"",((AW28*AR28)/1000)) -> 472616.87 | AY28: =IF(BD28<>1,"",AT28*CONTROL_PANEL!$B$14) -> 0.097461926 | AZ28: =IF(BD28<>1,"",DATA_INPUT!$M28) -> 833774.46 | BA28: =IF(BD28<>1,"",(AQ28+AT28+AV28)-(AX28+AZ28+AY28)) -> 24745744 | BB28: =IF(BD28<>1,"",IF(BA28-CONTROL_PANEL!$B$11<0,0,BA28-CONTROL_PANEL!$B$11)) -> 0 | BC28: =IF(BD28<>1,"",IF(AZ28<=0,0,MIN(AZ28,MAX(0,CONTROL_PANEL!$B$13-BA28)))) -> 0 | BD28: 1 | BF28: =BF16+1 -> 2017 | BG28: 9 | BH28: =IF(BW28<>1,"",DAY(DATE(BF28,BG28+1,))) -> 30 | BI28: =IF(BW27<>1,"",235+((BJ28/1000/2)^(1/3.02))) -> 258.39991 | BJ28: =IF(BW27<>1,"",IF(BT27>0,IF(BT27>CONTROL_PANEL!$B$11,CONTROL_PANEL!$B$11,BT27),0)) -> 27293353 | BK28: =IF(BW28<>1,"",0.6*(BI28-235)^2.02*10000) -> 3499161.2 | BL28: =IF(BW28<>1,"",DATA_INPUT!$I28) -> 1.4671372e-05 | BM28: =IF(BW28<>1,"",BL28*CONTROL_PANEL!$B$5) -> 1.3923132 | BN28: =IF(BW28<>1,"",DATA_INPUT!$C28) -> 0 | BO28: =IF(BW28<>1,"",(BN28*BK28)/1000) -> 0 | BP28: =IF(BW28<>1,"",DATA_INPUT!$H28) -> 139.33673 | BQ28: =IF(BW28<>1,"",((BP28*BK28)/1000)) -> 487561.68 | BR28: =IF(BW28<>1,"",BM28*CONTROL_PANEL!$B$14) -> 0.097461926 | BS28: =IF(BW28<>1,"",DATA_INPUT!$N28) -> 765103.95 | BT28: =IF(BW28<>1,"",(BJ28+BM28+BO28)-(BQ28+BS28+BR28)) -> 26040689 | BU28: =IF(BW28<>1,"",IF(BT28-CONTROL_PANEL!$B$11<0,0,BT28-CONTROL_PANEL!$B$11)) -> 0 | BV28: =IF(BW28<>1,"",IF(BS28<=0,0,MIN(BS28,MAX(0,CONTROL_PANEL!$B$13-BT28)))) -> 0 | BW28: 1 | BY28: =BY16+1 -> 2017 | BZ28: 9 | CA28: =IF(CP28<>1,"",DAY(DATE(BY28,BZ28+1,))) -> 30 | CB28: =IF(CP27<>1,"",235+((CC28/1000/2)^(1/3.02))) -> 257.99476 | CC28: =IF(CP27<>1,"",IF(CM27>0,IF(CM27>CONTROL_PANEL!$B$11,CONTROL_PANEL!$B$11,CM27),0)) -> 25891012 | CD28: =IF(CP28<>1,"",0.6*(CB28-235)^2.02*10000) -> 3377858.6 | CE28: =IF(CP28<>1,"",DATA_INPUT!$I28) -> 1.4671372e-05 | CF28: =IF(CP28<>1,"",CE28*CONTROL_PANEL!$B$5) -> 1.3923132 | CG28: =IF(CP28<>1,"",DATA_INPUT!$C28) -> 0 | CH28: =IF(CP28<>1,"",(CG28*CD28)/1000) -> 0 | CI28: =IF(CP28<>1,"",DATA_INPUT!$H28) -> 139.33673 | CJ28: =IF(CP28<>1,"",((CI28*CD28)/1000)) -> 470659.78 | CK28: =IF(CP28<>1,"",CF28*CONTROL_PANEL!$B$14) -> 0.097461926 | CL28: =IF(CP28<>1,"",DATA_INPUT!$O28) -> 880322.68 | CM28: =IF(CP28<>1,"",(CC28+CF28+CH28)-(CJ28+CL28+CK28)) -> 24540031 | CN28: =IF(CP28<>1,"",IF(CM28-CONTROL_PANEL!$B$11<0,0,CM28-CONTROL_PANEL!$B$11)) -> 0 | CO28: =IF(CP28<>1,"",IF(CL28<=0,0,MIN(CL28,MAX(0,CONTROL_PANEL!$B$13-CM28)))) -> 0 | CP28: 1
... A124: =A112+1 -> 2025 | B124: 9 | C124: =IF(R124<>1,"",DAY(DATE(A124,B124+1,))) -> 30 | D124: =IF(R123<>1,"",235+((E124/1000/2)^(1/3.02))) -> 258.88663 | E124: =IF(R123<>1,"",IF(O123>0,IF(O123>CONTROL_PANEL!$B$11,CONTROL_PANEL!$B$11,O123),0)) -> 29044087 | F124: =IF(R124<>1,"",0.6*(D124-235)^2.02*10000) -> 3647742 | G124: =IF(R124<>1,"",DATA_INPUT!I124) -> 0.00059065091 | H124: =IF(R124<>1,"",G124*CONTROL_PANEL!$B$5) -> 56.052771 | I124: =IF(R124<>1,"",DATA_INPUT!C124) -> 13.6 | J124: =IF(R124<>1,"",(I124*F124)/1000) -> 49609.291 | K124: =IF(R124<>1,"",DATA_INPUT!H124) -> 98.412742 | L124: =IF(R124<>1,"",((K124*F124)/1000)) -> 358984.29 | M124: =IF(R124<>1,"",H124*CONTROL_PANEL!$B$14) -> 3.923694 | N124: =IF(R124<>1,"",DATA_INPUT!K124) -> 864793.42 | O124: =IF(R124<>1,"",(E124+H124+J124)-(L124+N124+M124)) -> 27869971 | P124: =IF(R124<>1,"",IF(O124-CONTROL_PANEL!$B$11<0,0,O124-CONTROL_PANEL!$B$11)) -> 0 | Q124: =IF(R124<>1,"",IF(N124<=0,0,MIN(N124,MAX(0,CONTROL_PANEL!$B$13-O124)))) -> 0 | R124: 1 | T124: =T112+1 -> 2025 | U124: 9 | V124: =IF(AK124<>1,"",DAY(DATE(T124,U124+1,))) -> 30 | W124: =IF(AK123<>1,"",235+((X124/1000/2)^(1/3.02))) -> 254.27503 | X124: =IF(AK123<>1,"",IF(AH123>0,IF(AH123>CONTROL_PANEL!$B$11,CONTROL_PANEL!$B$11,AH123),0)) -> 15195503 | Y124: =IF(AK124<>1,"",0.6*(W124-235)^2.02*10000) -> 2365055.1 | Z124: =IF(AK124<>1,"",DATA_INPUT!I124) -> 0.00059065091 | AA124: =IF(AK124<>1,"",Z124*CONTROL_PANEL!$B$5) -> 56.052771 | AB124: =IF(AK124<>1,"",DATA_INPUT!$C124) -> 13.6 | AC124: =IF(AK124<>1,"",(AB124*Y124)/1000) -> 32164.75 | AD124: =IF(AK124<>1,"",DATA_INPUT!$H124) -> 98.412742 | AE124: =IF(AK124<>1,"",((AD124*Y124)/1000)) -> 232751.56 | AF124: =IF(AK124<>1,"",AA124*CONTROL_PANEL!$B$14) -> 3.923694 | AG124: =IF(AK124<>1,"",DATA_INPUT!$L124) -> 1098115 | AH124: =IF(AK124<>1,"",(X124+AA124+AC124)-(AE124+AG124+AF124)) -> 13896853 | AI124: =IF(AK124<>1,"",IF(AH124-CONTROL_PANEL!$B$11<0,0,AH124-CONTROL_PANEL!$B$11)) -> 0 | AJ124: =IF(AK124<>1,"",IF(AG124<=0,0,MIN(AG124,MAX(0,CONTROL_PANEL!$B$13-AH124)))) -> 0 | AK124: 1 | AM124: =AM112+1 -> 2025 | AN124: 9 | AO124: =IF(BD124<>1,"",DAY(DATE(AM124,AN124+1,))) -> 30 | AP124: =IF(BD123<>1,"",235+((AQ124/1000/2)^(1/3.02))) -> 257.60023 | AQ124: =IF(BD123<>1,"",IF(BA123>0,IF(BA123>CONTROL_PANEL!$B$11,CONTROL_PANEL!$B$11,BA123),0)) -> 24572587 | AR124: =IF(BD124<>1,"",0.6*(AP124-235)^2.02*10000) -> 3261814.5 | AS124: =IF(BD124<>1,"",DATA_INPUT!$I124) -> 0.00059065091 | AT124: =IF(BD124<>1,"",AS124*CONTROL_PANEL!$B$5) -> 56.052771 | AU124: =IF(BD124<>1,"",DATA_INPUT!$C124) -> 13.6 | AV124: =IF(BD124<>1,"",(AU124*AR124)/1000) -> 44360.677 | AW124: =IF(BD124<>1,"",DATA_INPUT!$H124) -> 98.412742 | AX124: =IF(BD124<>1,"",((AW124*AR124)/1000)) -> 321004.11 | AY124: =IF(BD124<>1,"",AT124*CONTROL_PANEL!$B$14) -> 3.923694 | AZ124: =IF(BD124<>1,"",DATA_INPUT!$M124) -> 968154.13 | BA124: =IF(BD124<>1,"",(AQ124+AT124+AV124)-(AX124+AZ124+AY124)) -> 23327841 | BB124: =IF(BD124<>1,"",IF(BA124-CONTROL_PANEL!$B$11<0,0,BA124-CONTROL_PANEL!$B$11)) -> 0 | BC124: =IF(BD124<>1,"",IF(AZ124<=0,0,MIN(AZ124,MAX(0,CONTROL_PANEL!$B$13-BA124)))) -> 0 | BD124: 1 | BF124: =BF112+1 -> 2025 | BG124: 9 | BH124: =IF(BW124<>1,"",DAY(DATE(BF124,BG124+1,))) -> 30 | BI124: =IF(BW123<>1,"",235+((BJ124/1000/2)^(1/3.02))) -> 259.33302 | BJ124: =IF(BW123<>1,"",IF(BT123>0,IF(BT123>CONTROL_PANEL!$B$11,CONTROL_PANEL!$B$11,BT123),0)) -> 30714395 | BK124: =IF(BW124<>1,"",0.6*(BI124-235)^2.02*10000) -> 3786754.9 | BL124: =IF(BW124<>1,"",DATA_INPUT!$I124) -> 0.00059065091 | BM124: =IF(BW124<>1,"",BL124*CONTROL_PANEL!$B$5) -> 56.052771 | BN124: =IF(BW124<>1,"",DATA_INPUT!$C124) -> 13.6 | BO124: =IF(BW124<>1,"",(BN124*BK124)/1000) -> 51499.867 | BP124: =IF(BW124<>1,"",DATA_INPUT!$H124) -> 98.412742 | BQ124: =IF(BW124<>1,"",((BP124*BK124)/1000)) -> 372664.94 | BR124: =IF(BW124<>1,"",BM124*CONTROL_PANEL!$B$14) -> 3.923694 | BS124: =IF(BW124<>1,"",DATA_INPUT!$N124) -> 889967.2 | BT124: =IF(BW124<>1,"",(BJ124+BM124+BO124)-(BQ124+BS124+BR124)) -> 29503315 | BU124: =IF(BW124<>1,"",IF(BT124-CONTROL_PANEL!$B$11<0,0,BT124-CONTROL_PANEL!$B$11)) -> 0 | BV124: =IF(BW124<>1,"",IF(BS124<=0,0,MIN(BS124,MAX(0,CONTROL_PANEL!$B$13-BT124)))) -> 0 | BW124: 1 | BY124: =BY112+1 -> 2025 | BZ124: 9 | CA124: =IF(CP124<>1,"",DAY(DATE(BY124,BZ124+1,))) -> 30 | CB124: =IF(CP123<>1,"",235+((CC124/1000/2)^(1/3.02))) -> 257.24349 | CC124: =IF(CP123<>1,"",IF(CM123>0,IF(CM123>CONTROL_PANEL!$B$11,CONTROL_PANEL!$B$11,CM123),0)) -> 23419779 | CD124: =IF(CP124<>1,"",0.6*(CB124-235)^2.02*10000) -> 3158647.3 | CE124: =IF(CP124<>1,"",DATA_INPUT!$I124) -> 0.00059065091 | CF124: =IF(CP124<>1,"",CE124*CONTROL_PANEL!$B$5) -> 56.052771 | CG124: =IF(CP124<>1,"",DATA_INPUT!$C124) -> 13.6 | CH124: =IF(CP124<>1,"",(CG124*CD124)/1000) -> 42957.603 | CI124: =IF(CP124<>1,"",DATA_INPUT!$H124) -> 98.412742 | CJ124: =IF(CP124<>1,"",((CI124*CD124)/1000)) -> 310851.14 | CK124: =IF(CP124<>1,"",CF124*CONTROL_PANEL!$B$14) -> 3.923694 | CL124: =IF(CP124<>1,"",DATA_INPUT!$O124) -> 1019740.9 | CM124: =IF(CP124<>1,"",(CC124+CF124+CH124)-(CJ124+CL124+CK124)) -> 22132196 | CN124: =IF(CP124<>1,"",IF(CM124-CONTROL_PANEL!$B$11<0,0,CM124-CONTROL_PANEL!$B$11)) -> 0 | CO124: =IF(CP124<>1,"",IF(CL124<=0,0,MIN(CL124,MAX(0,CONTROL_PANEL!$B$13-CM124)))) -> 0 | CP124: 1
A125: =A113+1 -> 2025 | B125: =B113 -> 10 | C125: =IF(R125<>1,"",DAY(DATE(A125,B125+1,))) -> 31 | D125: =IF(R124<>1,"",235+((E125/1000/2)^(1/3.02))) -> 258.56246 | E125: =IF(R124<>1,"",IF(O124>0,IF(O124>CONTROL_PANEL!$B$11,CONTROL_PANEL!$B$11,O124),0)) -> 27869971 | F125: =IF(R125<>1,"",0.6*(D125-235)^2.02*10000) -> 3548436.8 | G125: =IF(R125<>1,"",DATA_INPUT!I125) -> 0.01471066 | H125: =IF(R125<>1,"",G125*CONTROL_PANEL!$B$5) -> 1396.0417 | I125: =IF(R125<>1,"",DATA_INPUT!C125) -> 31.1 | J125: =IF(R125<>1,"",(I125*F125)/1000) -> 110356.38 | K125: =IF(R125<>1,"",DATA_INPUT!H125) -> 58.335745 | L125: =IF(R125<>1,"",((K125*F125)/1000)) -> 207000.7 | M125: =IF(R125<>1,"",H125*CONTROL_PANEL!$B$14) -> 97.722917 | N125: =IF(R125<>1,"",DATA_INPUT!K125) -> 287875.78 | O125: =IF(R125<>1,"",(E125+H125+J125)-(L125+N125+M125)) -> 27486749 | P125: =IF(R125<>1,"",IF(O125-CONTROL_PANEL!$B$11<0,0,O125-CONTROL_PANEL!$B$11)) -> 0 | Q125: =IF(R125<>1,"",IF(N125<=0,0,MIN(N125,MAX(0,CONTROL_PANEL!$B$13-O125)))) -> 0 | R125: 1 | T125: =T113+1 -> 2025 | U125: =U113 -> 10 | V125: =IF(AK125<>1,"",DAY(DATE(T125,U125+1,))) -> 31 | W125: =IF(AK124<>1,"",235+((X125/1000/2)^(1/3.02))) -> 253.71319 | X125: =IF(AK124<>1,"",IF(AH124>0,IF(AH124>CONTROL_PANEL!$B$11,CONTROL_PANEL!$B$11,AH124),0)) -> 13896853 | Y125: =IF(AK125<>1,"",0.6*(W125-235)^2.02*10000) -> 2227870.2 | Z125: =IF(AK125<>1,"",DATA_INPUT!I125) -> 0.01471066 | AA125: =IF(AK125<>1,"",Z125*CONTROL_PANEL!$B$5) -> 1396.0417 | AB125: =IF(AK125<>1,"",DATA_INPUT!$C125) -> 31.1 | AC125: =IF(AK125<>1,"",(AB125*Y125)/1000) -> 69286.763 | AD125: =IF(AK125<>1,"",DATA_INPUT!$H125) -> 58.335745 | AE125: =IF(AK125<>1,"",((AD125*Y125)/1000)) -> 129964.47 | AF125: =IF(AK125<>1,"",AA125*CONTROL_PANEL!$B$14) -> 97.722917 | AG125: =IF(AK125<>1,"",DATA_INPUT!$L125) -> 366227.05 | AH125: =IF(AK125<>1,"",(X125+AA125+AC125)-(AE125+AG125+AF125)) -> 13471247 | AI125: =IF(AK125<>1,"",IF(AH125-CONTROL_PANEL!$B$11<0,0,AH125-CONTROL_PANEL!$B$11)) -> 0 | AJ125: =IF(AK125<>1,"",IF(AG125<=0,0,MIN(AG125,MAX(0,CONTROL_PANEL!$B$13-AH125)))) -> 0 | AK125: 1 | AM125: =AM113+1 -> 2025 | AN125: =AN113 -> 10 | AO125: =IF(BD125<>1,"",DAY(DATE(AM125,AN125+1,))) -> 31 | AP125: =IF(BD124<>1,"",235+((AQ125/1000/2)^(1/3.02))) -> 257.21454 | AQ125: =IF(BD124<>1,"",IF(BA124>0,IF(BA124>CONTROL_PANEL!$B$11,CONTROL_PANEL!$B$11,BA124),0)) -> 23327841 | AR125: =IF(BD125<>1,"",0.6*(AP125-235)^2.02*10000) -> 3150348 | AS125: =IF(BD125<>1,"",DATA_INPUT!$I125) -> 0.01471066 | AT125: =IF(BD125<>1,"",AS125*CONTROL_PANEL!$B$5) -> 1396.0417 | AU125: =IF(BD125<>1,"",DATA_INPUT!$C125) -> 31.1 | AV125: =IF(BD125<>1,"",(AU125*AR125)/1000) -> 97975.824 | AW125: =IF(BD125<>1,"",DATA_INPUT!$H125) -> 58.335745 | AX125: =IF(BD125<>1,"",((AW125*AR125)/1000)) -> 183777.9 | AY125: =IF(BD125<>1,"",AT125*CONTROL_PANEL!$B$14) -> 97.722917 | AZ125: =IF(BD125<>1,"",DATA_INPUT!$M125) -> 327862.67 | BA125: =IF(BD125<>1,"",(AQ125+AT125+AV125)-(AX125+AZ125+AY125)) -> 22915475 | BB125: =IF(BD125<>1,"",IF(BA125-CONTROL_PANEL!$B$11<0,0,BA125-CONTROL_PANEL!$B$11)) -> 0 | BC125: =IF(BD125<>1,"",IF(AZ125<=0,0,MIN(AZ125,MAX(0,CONTROL_PANEL!$B$13-BA125)))) -> 0 | BD125: 1 | BF125: =BF113+1 -> 2025 | BG125: =BG113 -> 10 | BH125: =IF(BW125<>1,"",DAY(DATE(BF125,BG125+1,))) -> 31 | BI125: =IF(BW124<>1,"",235+((BJ125/1000/2)^(1/3.02))) -> 259.01103 | BJ125: =IF(BW124<>1,"",IF(BT124>0,IF(BT124>CONTROL_PANEL!$B$11,CONTROL_PANEL!$B$11,BT124),0)) -> 29503315 | BK125: =IF(BW125<>1,"",0.6*(BI125-235)^2.02*10000) -> 3686219.6 | BL125: =IF(BW125<>1,"",DATA_INPUT!$I125) -> 0.01471066 | BM125: =IF(BW125<>1,"",BL125*CONTROL_PANEL!$B$5) -> 1396.0417 | BN125: =IF(BW125<>1,"",DATA_INPUT!$C125) -> 31.1 | BO125: =IF(BW125<>1,"",(BN125*BK125)/1000) -> 114641.43 | BP125: =IF(BW125<>1,"",DATA_INPUT!$H125) -> 58.335745 | BQ125: =IF(BW125<>1,"",((BP125*BK125)/1000)) -> 215038.36 | BR125: =IF(BW125<>1,"",BM125*CONTROL_PANEL!$B$14) -> 97.722917 | BS125: =IF(BW125<>1,"",DATA_INPUT!$N125) -> 306001.27 | BT125: =IF(BW125<>1,"",(BJ125+BM125+BO125)-(BQ125+BS125+BR125)) -> 29098215 | BU125: =IF(BW125<>1,"",IF(BT125-CONTROL_PANEL!$B$11<0,0,BT125-CONTROL_PANEL!$B$11)) -> 0 | BV125: =IF(BW125<>1,"",IF(BS125<=0,0,MIN(BS125,MAX(0,CONTROL_PANEL!$B$13-BT125)))) -> 0 | BW125: 1 | BY125: =BY113+1 -> 2025 | BZ125: =BZ113 -> 10 | CA125: =IF(CP125<>1,"",DAY(DATE(BY125,BZ125+1,))) -> 31 | CB125: =IF(CP124<>1,"",235+((CC125/1000/2)^(1/3.02))) -> 256.83087 | CC125: =IF(CP124<>1,"",IF(CM124>0,IF(CM124>CONTROL_PANEL!$B$11,CONTROL_PANEL!$B$11,CM124),0)) -> 22132196 | CD125: =IF(CP125<>1,"",0.6*(CB125-235)^2.02*10000) -> 3041408.4 | CE125: =IF(CP125<>1,"",DATA_INPUT!$I125) -> 0.01471066 | CF125: =IF(CP125<>1,"",CE125*CONTROL_PANEL!$B$5) -> 1396.0417 | CG125: =IF(CP125<>1,"",DATA_INPUT!$C125) -> 31.1 | CH125: =IF(CP125<>1,"",(CG125*CD125)/1000) -> 94587.8 | CI125: =IF(CP125<>1,"",DATA_INPUT!$H125) -> 58.335745 | CJ125: =IF(CP125<>1,"",((CI125*CD125)/1000)) -> 177422.82 | CK125: =IF(CP125<>1,"",CF125*CONTROL_PANEL!$B$14) -> 97.722917 | CL125: =IF(CP125<>1,"",DATA_INPUT!$O125) -> 351346.58 | CM125: =IF(CP125<>1,"",(CC125+CF125+CH125)-(CJ125+CL125+CK125)) -> 21699313 | CN125: =IF(CP125<>1,"",IF(CM125-CONTROL_PANEL!$B$11<0,0,CM125-CONTROL_PANEL!$B$11)) -> 0 | CO125: =IF(CP125<>1,"",IF(CL125<=0,0,MIN(CL125,MAX(0,CONTROL_PANEL!$B$13-CM125)))) -> 0 | CP125: 1
A126: =A114+1 -> 2025 | B126: =B114 -> 11 | C126: =IF(R126<>1,"",DAY(DATE(A126,B126+1,))) -> 30 | D126: =IF(R125<>1,"",235+((E126/1000/2)^(1/3.02))) -> 258.45468 | E126: =IF(R125<>1,"",IF(O125>0,IF(O125>CONTROL_PANEL!$B$11,CONTROL_PANEL!$B$11,O125),0)) -> 27486749 | F126: =IF(R126<>1,"",0.6*(D126-235)^2.02*10000) -> 3515726.1 | G126: =IF(R126<>1,"",DATA_INPUT!I126) -> 24.410979 | H126: =IF(R126<>1,"",G126*CONTROL_PANEL!$B$5) -> 2316601.9 | I126: =IF(R126<>1,"",DATA_INPUT!C126) -> 95 | J126: =IF(R126<>1,"",(I126*F126)/1000) -> 333993.98 | K126: =IF(R126<>1,"",DATA_INPUT!H126) -> 29.389845 | L126: =IF(R126<>1,"",((K126*F126)/1000)) -> 103326.65 | M126: =IF(R126<>1,"",H126*CONTROL_PANEL!$B$14) -> 162162.13 | N126: =IF(R126<>1,"",DATA_INPUT!K126) -> 0 | O126: =IF(R126<>1,"",(E126+H126+J126)-(L126+N126+M126)) -> 29871856 | P126: =IF(R126<>1,"",IF(O126-CONTROL_PANEL!$B$11<0,0,O126-CONTROL_PANEL!$B$11)) -> 0 | Q126: =IF(R126<>1,"",IF(N126<=0,0,MIN(N126,MAX(0,CONTROL_PANEL!$B$13-O126)))) -> 0 | R126: 1 | T126: =T114+1 -> 2025 | U126: =U114 -> 11 | V126: =IF(AK126<>1,"",DAY(DATE(T126,U126+1,))) -> 30 | W126: =IF(AK125<>1,"",235+((X126/1000/2)^(1/3.02))) -> 253.52144 | X126: =IF(AK125<>1,"",IF(AH125>0,IF(AH125>CONTROL_PANEL!$B$11,CONTROL_PANEL!$B$11,AH125),0)) -> 13471247 | Y126: =IF(AK126<>1,"",0.6*(W126-235)^2.02*10000) -> 2181997.6 | Z126: =IF(AK126<>1,"",DATA_INPUT!I126) -> 24.410979 | AA126: =IF(AK126<>1,"",Z126*CONTROL_PANEL!$B$5) -> 2316601.9 | AB126: =IF(AK126<>1,"",DATA_INPUT!$C126) -> 95 | AC126: =IF(AK126<>1,"",(AB126*Y126)/1000) -> 207289.78 | AD126: =IF(AK126<>1,"",DATA_INPUT!$H126) -> 29.389845 | AE126: =IF(AK126<>1,"",((AD126*Y126)/1000)) -> 64128.572 | AF126: =IF(AK126<>1,"",AA126*CONTROL_PANEL!$B$14) -> 162162.13 | AG126: =IF(AK126<>1,"",DATA_INPUT!$L126) -> 0 | AH126: =IF(AK126<>1,"",(X126+AA126+AC126)-(AE126+AG126+AF126)) -> 15768848 | AI126: =IF(AK126<>1,"",IF(AH126-CONTROL_PANEL!$B$11<0,0,AH126-CONTROL_PANEL!$B$11)) -> 0 | AJ126: =IF(AK126<>1,"",IF(AG126<=0,0,MIN(AG126,MAX(0,CONTROL_PANEL!$B$13-AH126)))) -> 0 | AK126: 1 | AM126: =AM114+1 -> 2025 | AN126: =AN114 -> 11 | AO126: =IF(BD126<>1,"",DAY(DATE(AM126,AN126+1,))) -> 30 | AP126: =IF(BD125<>1,"",235+((AQ126/1000/2)^(1/3.02))) -> 257.08373 | AQ126: =IF(BD125<>1,"",IF(BA125>0,IF(BA125>CONTROL_PANEL!$B$11,CONTROL_PANEL!$B$11,BA125),0)) -> 22915475 | AR126: =IF(BD126<>1,"",0.6*(AP126-235)^2.02*10000) -> 3112989.4 | AS126: =IF(BD126<>1,"",DATA_INPUT!$I126) -> 24.410979 | AT126: =IF(BD126<>1,"",AS126*CONTROL_PANEL!$B$5) -> 2316601.9 | AU126: =IF(BD126<>1,"",DATA_INPUT!$C126) -> 95 | AV126: =IF(BD126<>1,"",(AU126*AR126)/1000) -> 295733.99 | AW126: =IF(BD126<>1,"",DATA_INPUT!$H126) -> 29.389845 | AX126: =IF(BD126<>1,"",((AW126*AR126)/1000)) -> 91490.276 | AY126: =IF(BD126<>1,"",AT126*CONTROL_PANEL!$B$14) -> 162162.13 | AZ126: =IF(BD126<>1,"",DATA_INPUT!$M126) -> 0 | BA126: =IF(BD126<>1,"",(AQ126+AT126+AV126)-(AX126+AZ126+AY126)) -> 25274158 | BB126: =IF(BD126<>1,"",IF(BA126-CONTROL_PANEL!$B$11<0,0,BA126-CONTROL_PANEL!$B$11)) -> 0 | BC126: =IF(BD126<>1,"",IF(AZ126<=0,0,MIN(AZ126,MAX(0,CONTROL_PANEL!$B$13-BA126)))) -> 0 | BD126: 1 | BF126: =BF114+1 -> 2025 | BG126: =BG114 -> 11 | BH126: =IF(BW126<>1,"",DAY(DATE(BF126,BG126+1,))) -> 30 | BI126: =IF(BW125<>1,"",235+((BJ126/1000/2)^(1/3.02))) -> 258.90136 | BJ126: =IF(BW125<>1,"",IF(BT125>0,IF(BT125>CONTROL_PANEL!$B$11,CONTROL_PANEL!$B$11,BT125),0)) -> 29098215 | BK126: =IF(BW126<>1,"",0.6*(BI126-235)^2.02*10000) -> 3652287.6 | BL126: =IF(BW126<>1,"",DATA_INPUT!$I126) -> 24.410979 | BM126: =IF(BW126<>1,"",BL126*CONTROL_PANEL!$B$5) -> 2316601.9 | BN126: =IF(BW126<>1,"",DATA_INPUT!$C126) -> 95 | BO126: =IF(BW126<>1,"",(BN126*BK126)/1000) -> 346967.32 | BP126: =IF(BW126<>1,"",DATA_INPUT!$H126) -> 29.389845 | BQ126: =IF(BW126<>1,"",((BP126*BK126)/1000)) -> 107340.17 | BR126: =IF(BW126<>1,"",BM126*CONTROL_PANEL!$B$14) -> 162162.13 | BS126: =IF(BW126<>1,"",DATA_INPUT!$N126) -> 0 | BT126: =IF(BW126<>1,"",(BJ126+BM126+BO126)-(BQ126+BS126+BR126)) -> 31492282 | BU126: =IF(BW126<>1,"",IF(BT126-CONTROL_PANEL!$B$11<0,0,BT126-CONTROL_PANEL!$B$11)) -> 0 | BV126: =IF(BW126<>1,"",IF(BS126<=0,0,MIN(BS126,MAX(0,CONTROL_PANEL!$B$13-BT126)))) -> 0 | BW126: 1 | BY126: =BY114+1 -> 2025 | BZ126: =BZ114 -> 11 | CA126: =IF(CP126<>1,"",DAY(DATE(BY126,BZ126+1,))) -> 30 | CB126: =IF(CP125<>1,"",235+((CC126/1000/2)^(1/3.02))) -> 256.68855 | CC126: =IF(CP125<>1,"",IF(CM125>0,IF(CM125>CONTROL_PANEL!$B$11,CONTROL_PANEL!$B$11,CM125),0)) -> 21699313 | CD126: =IF(CP126<>1,"",0.6*(CB126-235)^2.02*10000) -> 3001489.2 | CE126: =IF(CP126<>1,"",DATA_INPUT!$I126) -> 24.410979 | CF126: =IF(CP126<>1,"",CE126*CONTROL_PANEL!$B$5) -> 2316601.9 | CG126: =IF(CP126<>1,"",DATA_INPUT!$C126) -> 95 | CH126: =IF(CP126<>1,"",(CG126*CD126)/1000) -> 285141.47 | CI126: =IF(CP126<>1,"",DATA_INPUT!$H126) -> 29.389845 | CJ126: =IF(CP126<>1,"",((CI126*CD126)/1000)) -> 88213.3 | CK126: =IF(CP126<>1,"",CF126*CONTROL_PANEL!$B$14) -> 162162.13 | CL126: =IF(CP126<>1,"",DATA_INPUT!$O126) -> 0 | CM126: =IF(CP126<>1,"",(CC126+CF126+CH126)-(CJ126+CL126+CK126)) -> 24050681 | CN126: =IF(CP126<>1,"",IF(CM126-CONTROL_PANEL!$B$11<0,0,CM126-CONTROL_PANEL!$B$11)) -> 0 | CO126: =IF(CP126<>1,"",IF(CL126<=0,0,MIN(CL126,MAX(0,CONTROL_PANEL!$B$13-CM126)))) -> 0 | CP126: 1
A127: =A115+1 -> 2025 | B127: =B115 -> 12 | C127: =IF(R127<>1,"",DAY(DATE(A127,B127+1,))) -> 31 | D127: =IF(R126<>1,"",235+((E127/1000/2)^(1/3.02))) -> 259.10994 | E127: =IF(R126<>1,"",IF(O126>0,IF(O126>CONTROL_PANEL!$B$11,CONTROL_PANEL!$B$11,O126),0)) -> 29871856 | F127: =IF(R127<>1,"",0.6*(D127-235)^2.02*10000) -> 3716955.6 | G127: =IF(R127<>1,"",DATA_INPUT!I127) -> 100.21606 | H127: =IF(R127<>1,"",G127*CONTROL_PANEL!$B$5) -> 9510504.5 | I127: =IF(R127<>1,"",DATA_INPUT!C127) -> 140.4 | J127: =IF(R127<>1,"",(I127*F127)/1000) -> 521860.56 | K127: =IF(R127<>1,"",DATA_INPUT!H127) -> 18.90754 | L127: =IF(R127<>1,"",((K127*F127)/1000)) -> 70278.487 | M127: =IF(R127<>1,"",H127*CONTROL_PANEL!$B$14) -> 665735.32 | N127: =IF(R127<>1,"",DATA_INPUT!K127) -> 0 | O127: =IF(R127<>1,"",(E127+H127+J127)-(L127+N127+M127)) -> 39168208 | P127: =IF(R127<>1,"",IF(O127-CONTROL_PANEL!$B$11<0,0,O127-CONTROL_PANEL!$B$11)) -> 0 | Q127: =IF(R127<>1,"",IF(N127<=0,0,MIN(N127,MAX(0,CONTROL_PANEL!$B$13-O127)))) -> 0 | R127: 1 | T127: =T115+1 -> 2025 | U127: =U115 -> 12 | V127: =IF(AK127<>1,"",DAY(DATE(T127,U127+1,))) -> 31 | W127: =IF(AK126<>1,"",235+((X127/1000/2)^(1/3.02))) -> 254.51287 | X127: =IF(AK126<>1,"",IF(AH126>0,IF(AH126>CONTROL_PANEL!$B$11,CONTROL_PANEL!$B$11,AH126),0)) -> 15768848 | Y127: =IF(AK127<>1,"",0.6*(W127-235)^2.02*10000) -> 2424376.3 | Z127: =IF(AK127<>1,"",DATA_INPUT!I127) -> 100.21606 | AA127: =IF(AK127<>1,"",Z127*CONTROL_PANEL!$B$5) -> 9510504.5 | AB127: =IF(AK127<>1,"",DATA_INPUT!$C127) -> 140.4 | AC127: =IF(AK127<>1,"",(AB127*Y127)/1000) -> 340382.43 | AD127: =IF(AK127<>1,"",DATA_INPUT!$H127) -> 18.90754 | AE127: =IF(AK127<>1,"",((AD127*Y127)/1000)) -> 45838.992 | AF127: =IF(AK127<>1,"",AA127*CONTROL_PANEL!$B$14) -> 665735.32 | AG127: =IF(AK127<>1,"",DATA_INPUT!$L127) -> 0 | AH127: =IF(AK127<>1,"",(X127+AA127+AC127)-(AE127+AG127+AF127)) -> 24908160 | AI127: =IF(AK127<>1,"",IF(AH127-CONTROL_PANEL!$B$11<0,0,AH127-CONTROL_PANEL!$B$11)) -> 0 | AJ127: =IF(AK127<>1,"",IF(AG127<=0,0,MIN(AG127,MAX(0,CONTROL_PANEL!$B$13-AH127)))) -> 0 | AK127: 1 | AM127: =AM115+1 -> 2025 | AN127: =AN115 -> 12 | AO127: =IF(BD127<>1,"",DAY(DATE(AM127,AN127+1,))) -> 31 | AP127: =IF(BD126<>1,"",235+((AQ127/1000/2)^(1/3.02))) -> 257.81188 | AQ127: =IF(BD126<>1,"",IF(BA126>0,IF(BA126>CONTROL_PANEL!$B$11,CONTROL_PANEL!$B$11,BA126),0)) -> 25274158 | AR127: =IF(BD127<>1,"",0.6*(AP127-235)^2.02*10000) -> 3323814.6 | AS127: =IF(BD127<>1,"",DATA_INPUT!$I127) -> 100.21606 | AT127: =IF(BD127<>1,"",AS127*CONTROL_PANEL!$B$5) -> 9510504.5 | AU127: =IF(BD127<>1,"",DATA_INPUT!$C127) -> 140.4 | AV127: =IF(BD127<>1,"",(AU127*AR127)/1000) -> 466663.57 | AW127: =IF(BD127<>1,"",DATA_INPUT!$H127) -> 18.90754 | AX127: =IF(BD127<>1,"",((AW127*AR127)/1000)) -> 62845.158 | AY127: =IF(BD127<>1,"",AT127*CONTROL_PANEL!$B$14) -> 665735.32 | AZ127: =IF(BD127<>1,"",DATA_INPUT!$M127) -> 0 | BA127: =IF(BD127<>1,"",(AQ127+AT127+AV127)-(AX127+AZ127+AY127)) -> 34522746 | BB127: =IF(BD127<>1,"",IF(BA127-CONTROL_PANEL!$B$11<0,0,BA127-CONTROL_PANEL!$B$11)) -> 0 | BC127: =IF(BD127<>1,"",IF(AZ127<=0,0,MIN(AZ127,MAX(0,CONTROL_PANEL!$B$13-BA127)))) -> 0 | BD127: 1 | BF127: =BF115+1 -> 2025 | BG127: =BG115 -> 12 | BH127: =IF(BW127<>1,"",DAY(DATE(BF127,BG127+1,))) -> 31 | BI127: =IF(BW126<>1,"",235+((BJ127/1000/2)^(1/3.02))) -> 259.53538 | BJ127: =IF(BW126<>1,"",IF(BT126>0,IF(BT126>CONTROL_PANEL!$B$11,CONTROL_PANEL!$B$11,BT126),0)) -> 31492282 | BK127: =IF(BW127<>1,"",0.6*(BI127-235)^2.02*10000) -> 3850637.4 | BL127: =IF(BW127<>1,"",DATA_INPUT!$I127) -> 100.21606 | BM127: =IF(BW127<>1,"",BL127*CONTROL_PANEL!$B$5) -> 9510504.5 | BN127: =IF(BW127<>1,"",DATA_INPUT!$C127) -> 140.4 | BO127: =IF(BW127<>1,"",(BN127*BK127)/1000) -> 540629.49 | BP127: =IF(BW127<>1,"",DATA_INPUT!$H127) -> 18.90754 | BQ127: =IF(BW127<>1,"",((BP127*BK127)/1000)) -> 72806.081 | BR127: =IF(BW127<>1,"",BM127*CONTROL_PANEL!$B$14) -> 665735.32 | BS127: =IF(BW127<>1,"",DATA_INPUT!$N127) -> 0 | BT127: =IF(BW127<>1,"",(BJ127+BM127+BO127)-(BQ127+BS127+BR127)) -> 40804874 | BU127: =IF(BW127<>1,"",IF(BT127-CONTROL_PANEL!$B$11<0,0,BT127-CONTROL_PANEL!$B$11)) -> 0 | BV127: =IF(BW127<>1,"",IF(BS127<=0,0,MIN(BS127,MAX(0,CONTROL_PANEL!$B$13-BT127)))) -> 0 | BW127: 1 | BY127: =BY115+1 -> 2025 | BZ127: =BZ115 -> 12 | CA127: =IF(CP127<>1,"",DAY(DATE(BY127,BZ127+1,))) -> 31 | CB127: =IF(CP126<>1,"",235+((CC127/1000/2)^(1/3.02))) -> 257.44014 | CC127: =IF(CP126<>1,"",IF(CM126>0,IF(CM126>CONTROL_PANEL!$B$11,CONTROL_PANEL!$B$11,CM126),0)) -> 24050681 | CD127: =IF(CP127<>1,"",0.6*(CB127-235)^2.02*10000) -> 3215311.2 | CE127: =IF(CP127<>1,"",DATA_INPUT!$I127) -> 100.21606 | CF127: =IF(CP127<>1,"",CE127*CONTROL_PANEL!$B$5) -> 9510504.5 | CG127: =IF(CP127<>1,"",DATA_INPUT!$C127) -> 140.4 | CH127: =IF(CP127<>1,"",(CG127*CD127)/1000) -> 451429.69 | CI127: =IF(CP127<>1,"",DATA_INPUT!$H127) -> 18.90754 | CJ127: =IF(CP127<>1,"",((CI127*CD127)/1000)) -> 60793.625 | CK127: =IF(CP127<>1,"",CF127*CONTROL_PANEL!$B$14) -> 665735.32 | CL127: =IF(CP127<>1,"",DATA_INPUT!$O127) -> 0 | CM127: =IF(CP127<>1,"",(CC127+CF127+CH127)-(CJ127+CL127+CK127)) -> 33286086 | CN127: =IF(CP127<>1,"",IF(CM127-CONTROL_PANEL!$B$11<0,0,CM127-CONTROL_PANEL!$B$11)) -> 0 | CO127: =IF(CP127<>1,"",IF(CL127<=0,0,MIN(CL127,MAX(0,CONTROL_PANEL!$B$13-CM127)))) -> 0 | CP127: 1
A128: =A116+1 -> 2026 | B128: =B116 -> 1 | C128: =IF(R128<>1,"",DAY(DATE(A128,B128+1,))) -> 31 | D128: =IF(R127<>1,"",235+((E128/1000/2)^(1/3.02))) -> 261.37304 | E128: =IF(R127<>1,"",IF(O127>0,IF(O127>CONTROL_PANEL!$B$11,CONTROL_PANEL!$B$11,O127),0)) -> 39168208 | F128: =IF(R128<>1,"",0.6*(D128-235)^2.02*10000) -> 4455483 | G128: =IF(R128<>1,"",DATA_INPUT!I128) -> 165.03044 | H128: =IF(R128<>1,"",G128*CONTROL_PANEL!$B$5) -> 15661388 | I128: =IF(R128<>1,"",DATA_INPUT!C128) -> 179.9 | J128: =IF(R128<>1,"",(I128*F128)/1000) -> 801541.39 | K128: =IF(R128<>1,"",DATA_INPUT!H128) -> 20.458356 | L128: =IF(R128<>1,"",((K128*F128)/1000)) -> 91151.856 | M128: =IF(R128<>1,"",H128*CONTROL_PANEL!$B$14) -> 1096297.2 | N128: =IF(R128<>1,"",DATA_INPUT!K128) -> 0 | O128: =IF(R128<>1,"",(E128+H128+J128)-(L128+N128+M128)) -> 54443688 | P128: =IF(R128<>1,"",IF(O128-CONTROL_PANEL!$B$11<0,0,O128-CONTROL_PANEL!$B$11)) -> 4443688.5 | Q128: =IF(R128<>1,"",IF(N128<=0,0,MIN(N128,MAX(0,CONTROL_PANEL!$B$13-O128)))) -> 0 | R128: 1 | T128: =T116+1 -> 2026 | U128: =U116 -> 1 | V128: =IF(AK128<>1,"",DAY(DATE(T128,U128+1,))) -> 31 | W128: =IF(AK127<>1,"",235+((X128/1000/2)^(1/3.02))) -> 257.70197 | X128: =IF(AK127<>1,"",IF(AH127>0,IF(AH127>CONTROL_PANEL!$B$11,CONTROL_PANEL!$B$11,AH127),0)) -> 24908160 | Y128: =IF(AK128<>1,"",0.6*(W128-235)^2.02*10000) -> 3291542.3 | Z128: =IF(AK128<>1,"",DATA_INPUT!I128) -> 165.03044 | AA128: =IF(AK128<>1,"",Z128*CONTROL_PANEL!$B$5) -> 15661388 | AB128: =IF(AK128<>1,"",DATA_INPUT!$C128) -> 179.9 | AC128: =IF(AK128<>1,"",(AB128*Y128)/1000) -> 592148.46 | AD128: =IF(AK128<>1,"",DATA_INPUT!$H128) -> 20.458356 | AE128: =IF(AK128<>1,"",((AD128*Y128)/1000)) -> 67339.544 | AF128: =IF(AK128<>1,"",AA128*CONTROL_PANEL!$B$14) -> 1096297.2 | AG128: =IF(AK128<>1,"",DATA_INPUT!$L128) -> 0 | AH128: =IF(AK128<>1,"",(X128+AA128+AC128)-(AE128+AG128+AF128)) -> 39998060 | AI128: =IF(AK128<>1,"",IF(AH128-CONTROL_PANEL!$B$11<0,0,AH128-CONTROL_PANEL!$B$11)) -> 0 | AJ128: =IF(AK128<>1,"",IF(AG128<=0,0,MIN(AG128,MAX(0,CONTROL_PANEL!$B$13-AH128)))) -> 0 | AK128: 1 | AM128: =AM116+1 -> 2026 | AN128: =AN116 -> 1 | AO128: =IF(BD128<>1,"",DAY(DATE(AM128,AN128+1,))) -> 31 | AP128: =IF(BD127<>1,"",235+((AQ128/1000/2)^(1/3.02))) -> 260.29328 | AQ128: =IF(BD127<>1,"",IF(BA127>0,IF(BA127>CONTROL_PANEL!$B$11,CONTROL_PANEL!$B$11,BA127),0)) -> 34522746 | AR128: =IF(BD128<>1,"",0.6*(AP128-235)^2.02*10000) -> 4094694.5 | AS128: =IF(BD128<>1,"",DATA_INPUT!$I128) -> 165.03044 | AT128: =IF(BD128<>1,"",AS128*CONTROL_PANEL!$B$5) -> 15661388 | AU128: =IF(BD128<>1,"",DATA_INPUT!$C128) -> 179.9 | AV128: =IF(BD128<>1,"",(AU128*AR128)/1000) -> 736635.55 | AW128: =IF(BD128<>1,"",DATA_INPUT!$H128) -> 20.458356 | AX128: =IF(BD128<>1,"",((AW128*AR128)/1000)) -> 83770.717 | AY128: =IF(BD128<>1,"",AT128*CONTROL_PANEL!$B$14) -> 1096297.2 | AZ128: =IF(BD128<>1,"",DATA_INPUT!$M128) -> 0 | BA128: =IF(BD128<>1,"",(AQ128+AT128+AV128)-(AX128+AZ128+AY128)) -> 49740702 | BB128: =IF(BD128<>1,"",IF(BA128-CONTROL_PANEL!$B$11<0,0,BA128-CONTROL_PANEL!$B$11)) -> 0 | BC128: =IF(BD128<>1,"",IF(AZ128<=0,0,MIN(AZ128,MAX(0,CONTROL_PANEL!$B$13-BA128)))) -> 0 | BD128: 1 | BF128: =BF116+1 -> 2026 | BG128: =BG116 -> 1 | BH128: =IF(BW128<>1,"",DAY(DATE(BF128,BG128+1,))) -> 31 | BI128: =IF(BW127<>1,"",235+((BJ128/1000/2)^(1/3.02))) -> 261.73296 | BJ128: =IF(BW127<>1,"",IF(BT127>0,IF(BT127>CONTROL_PANEL!$B$11,CONTROL_PANEL!$B$11,BT127),0)) -> 40804874 | BK128: =IF(BW128<>1,"",0.6*(BI128-235)^2.02*10000) -> 4579164.7 | BL128: =IF(BW128<>1,"",DATA_INPUT!$I128) -> 165.03044 | BM128: =IF(BW128<>1,"",BL128*CONTROL_PANEL!$B$5) -> 15661388 | BN128: =IF(BW128<>1,"",DATA_INPUT!$C128) -> 179.9 | BO128: =IF(BW128<>1,"",(BN128*BK128)/1000) -> 823791.73 | BP128: =IF(BW128<>1,"",DATA_INPUT!$H128) -> 20.458356 | BQ128: =IF(BW128<>1,"",((BP128*BK128)/1000)) -> 93682.18 | BR128: =IF(BW128<>1,"",BM128*CONTROL_PANEL!$B$14) -> 1096297.2 | BS128: =IF(BW128<>1,"",DATA_INPUT!$N128) -> 0 | BT128: =IF(BW128<>1,"",(BJ128+BM128+BO128)-(BQ128+BS128+BR128)) -> 56100075 | BU128: =IF(BW128<>1,"",IF(BT128-CONTROL_PANEL!$B$11<0,0,BT128-CONTROL_PANEL!$B$11)) -> 6100075 | BV128: =IF(BW128<>1,"",IF(BS128<=0,0,MIN(BS128,MAX(0,CONTROL_PANEL!$B$13-BT128)))) -> 0 | BW128: 1 | BY128: =BY116+1 -> 2026 | BZ128: =BZ116 -> 1 | CA128: =IF(CP128<>1,"",DAY(DATE(BY128,BZ128+1,))) -> 31 | CB128: =IF(CP127<>1,"",235+((CC128/1000/2)^(1/3.02))) -> 259.98959 | CC128: =IF(CP127<>1,"",IF(CM127>0,IF(CM127>CONTROL_PANEL!$B$11,CONTROL_PANEL!$B$11,CM127),0)) -> 33286086 | CD128: =IF(CP128<>1,"",0.6*(CB128-235)^2.02*10000) -> 3995993.8 | CE128: =IF(CP128<>1,"",DATA_INPUT!$I128) -> 165.03044 | CF128: =IF(CP128<>1,"",CE128*CONTROL_PANEL!$B$5) -> 15661388 | CG128: =IF(CP128<>1,"",DATA_INPUT!$C128) -> 179.9 | CH128: =IF(CP128<>1,"",(CG128*CD128)/1000) -> 718879.28 | CI128: =IF(CP128<>1,"",DATA_INPUT!$H128) -> 20.458356 | CJ128: =IF(CP128<>1,"",((CI128*CD128)/1000)) -> 81751.462 | CK128: =IF(CP128<>1,"",CF128*CONTROL_PANEL!$B$14) -> 1096297.2 | CL128: =IF(CP128<>1,"",DATA_INPUT!$O128) -> 0 | CM128: =IF(CP128<>1,"",(CC128+CF128+CH128)-(CJ128+CL128+CK128)) -> 48488305 | CN128: =IF(CP128<>1,"",IF(CM128-CONTROL_PANEL!$B$11<0,0,CM128-CONTROL_PANEL!$B$11)) -> 0 | CO128: =IF(CP128<>1,"",IF(CL128<=0,0,MIN(CL128,MAX(0,CONTROL_PANEL!$B$13-CM128)))) -> 0 | CP128: 1
A129: =A117+1 -> 2026 | B129: =B117 -> 2 | C129: =IF(R129<>1,"",DAY(DATE(A129,B129+1,))) -> 28 | D129: =IF(R128<>1,"",235+((E129/1000/2)^(1/3.02))) -> 263.59378 | E129: =IF(R128<>1,"",IF(O128>0,IF(O128>CONTROL_PANEL!$B$11,CONTROL_PANEL!$B$11,O128),0)) -> 50000000 | F129: =IF(R129<>1,"",0.6*(D129-235)^2.02*10000) -> 5245896.7 | G129: =IF(R129<>1,"",DATA_INPUT!I129) -> 32.635262 | H129: =IF(R129<>1,"",G129*CONTROL_PANEL!$B$5) -> 3097086.4 | I129: =IF(R129<>1,"",DATA_INPUT!C129) -> 224.85 | J129: =IF(R129<>1,"",(I129*F129)/1000) -> 1179539.9 | K129: =IF(R129<>1,"",DATA_INPUT!H129) -> 27.760773 | L129: =IF(R129<>1,"",((K129*F129)/1000)) -> 145630.15 | M129: =IF(R129<>1,"",H129*CONTROL_PANEL!$B$14) -> 216796.04 | N129: =IF(R129<>1,"",DATA_INPUT!K129) -> 0 | O129: =IF(R129<>1,"",(E129+H129+J129)-(L129+N129+M129)) -> 53914200 | P129: =IF(R129<>1,"",IF(O129-CONTROL_PANEL!$B$11<0,0,O129-CONTROL_PANEL!$B$11)) -> 3914200 | Q129: =IF(R129<>1,"",IF(N129<=0,0,MIN(N129,MAX(0,CONTROL_PANEL!$B$13-O129)))) -> 0 | R129: 1 | T129: =T117+1 -> 2026 | U129: =U117 -> 2 | V129: =IF(AK129<>1,"",DAY(DATE(T129,U129+1,))) -> 28 | W129: =IF(AK128<>1,"",235+((X129/1000/2)^(1/3.02))) -> 261.55676 | X129: =IF(AK128<>1,"",IF(AH128>0,IF(AH128>CONTROL_PANEL!$B$11,CONTROL_PANEL!$B$11,AH128),0)) -> 39998060 | Y129: =IF(AK129<>1,"",0.6*(W129-235)^2.02*10000) -> 4518403.8 | Z129: =IF(AK129<>1,"",DATA_INPUT!I129) -> 32.635262 | AA129: =IF(AK129<>1,"",Z129*CONTROL_PANEL!$B$5) -> 3097086.4 | AB129: =IF(AK129<>1,"",DATA_INPUT!$C129) -> 224.85 | AC129: =IF(AK129<>1,"",(AB129*Y129)/1000) -> 1015963.1 | AD129: =IF(AK129<>1,"",DATA_INPUT!$H129) -> 27.760773 | AE129: =IF(AK129<>1,"",((AD129*Y129)/1000)) -> 125434.38 | AF129: =IF(AK129<>1,"",AA129*CONTROL_PANEL!$B$14) -> 216796.04 | AG129: =IF(AK129<>1,"",DATA_INPUT!$L129) -> 0 | AH129: =IF(AK129<>1,"",(X129+AA129+AC129)-(AE129+AG129+AF129)) -> 43768879 | AI129: =IF(AK129<>1,"",IF(AH129-CONTROL_PANEL!$B$11<0,0,AH129-CONTROL_PANEL!$B$11)) -> 0 | AJ129: =IF(AK129<>1,"",IF(AG129<=0,0,MIN(AG129,MAX(0,CONTROL_PANEL!$B$13-AH129)))) -> 0 | AK129: 1 | AM129: =AM117+1 -> 2026 | AN129: =AN117 -> 2 | AO129: =IF(BD129<>1,"",DAY(DATE(AM129,AN129+1,))) -> 28 | AP129: =IF(BD128<>1,"",235+((AQ129/1000/2)^(1/3.02))) -> 263.54459 | AQ129: =IF(BD128<>1,"",IF(BA128>0,IF(BA128>CONTROL_PANEL!$B$11,CONTROL_PANEL!$B$11,BA128),0)) -> 49740702 | AR129: =IF(BD129<>1,"",0.6*(AP129-235)^2.02*10000) -> 5227684.3 | AS129: =IF(BD129<>1,"",DATA_INPUT!$I129) -> 32.635262 | AT129: =IF(BD129<>1,"",AS129*CONTROL_PANEL!$B$5) -> 3097086.4 | AU129: =IF(BD129<>1,"",DATA_INPUT!$C129) -> 224.85 | AV129: =IF(BD129<>1,"",(AU129*AR129)/1000) -> 1175444.8 | AW129: =IF(BD129<>1,"",DATA_INPUT!$H129) -> 27.760773 | AX129: =IF(BD129<>1,"",((AW129*AR129)/1000)) -> 145124.56 | AY129: =IF(BD129<>1,"",AT129*CONTROL_PANEL!$B$14) -> 216796.04 | AZ129: =IF(BD129<>1,"",DATA_INPUT!$M129) -> 0 | BA129: =IF(BD129<>1,"",(AQ129+AT129+AV129)-(AX129+AZ129+AY129)) -> 53651312 | BB129: =IF(BD129<>1,"",IF(BA129-CONTROL_PANEL!$B$11<0,0,BA129-CONTROL_PANEL!$B$11)) -> 3651312.5 | BC129: =IF(BD129<>1,"",IF(AZ129<=0,0,MIN(AZ129,MAX(0,CONTROL_PANEL!$B$13-BA129)))) -> 0 | BD129: 1 | BF129: =BF117+1 -> 2026 | BG129: =BG117 -> 2 | BH129: =IF(BW129<>1,"",DAY(DATE(BF129,BG129+1,))) -> 28 | BI129: =IF(BW128<>1,"",235+((BJ129/1000/2)^(1/3.02))) -> 263.59378 | BJ129: =IF(BW128<>1,"",IF(BT128>0,IF(BT128>CONTROL_PANEL!$B$11,CONTROL_PANEL!$B$11,BT128),0)) -> 50000000 | BK129: =IF(BW129<>1,"",0.6*(BI129-235)^2.02*10000) -> 5245896.7 | BL129: =IF(BW129<>1,"",DATA_INPUT!$I129) -> 32.635262 | BM129: =IF(BW129<>1,"",BL129*CONTROL_PANEL!$B$5) -> 3097086.4 | BN129: =IF(BW129<>1,"",DATA_INPUT!$C129) -> 224.85 | BO129: =IF(BW129<>1,"",(BN129*BK129)/1000) -> 1179539.9 | BP129: =IF(BW129<>1,"",DATA_INPUT!$H129) -> 27.760773 | BQ129: =IF(BW129<>1,"",((BP129*BK129)/1000)) -> 145630.15 | BR129: =IF(BW129<>1,"",BM129*CONTROL_PANEL!$B$14) -> 216796.04 | BS129: =IF(BW129<>1,"",DATA_INPUT!$N129) -> 0 | BT129: =IF(BW129<>1,"",(BJ129+BM129+BO129)-(BQ129+BS129+BR129)) -> 53914200 | BU129: =IF(BW129<>1,"",IF(BT129-CONTROL_PANEL!$B$11<0,0,BT129-CONTROL_PANEL!$B$11)) -> 3914200 | BV129: =IF(BW129<>1,"",IF(BS129<=0,0,MIN(BS129,MAX(0,CONTROL_PANEL!$B$13-BT129)))) -> 0 | BW129: 1 | BY129: =BY117+1 -> 2026 | BZ129: =BZ117 -> 2 | CA129: =IF(CP129<>1,"",DAY(DATE(BY129,BZ129+1,))) -> 28 | CB129: =IF(CP128<>1,"",235+((CC129/1000/2)^(1/3.02))) -> 263.30457 | CC129: =IF(CP128<>1,"",IF(CM128>0,IF(CM128>CONTROL_PANEL!$B$11,CONTROL_PANEL!$B$11,CM128),0)) -> 48488305 | CD129: =IF(CP129<>1,"",0.6*(CB129-235)^2.02*10000) -> 5139272.4 | CE129: =IF(CP129<>1,"",DATA_INPUT!$I129) -> 32.635262 | CF129: =IF(CP129<>1,"",CE129*CONTROL_PANEL!$B$5) -> 3097086.4 | CG129: =IF(CP129<>1,"",DATA_INPUT!$C129) -> 224.85 | CH129: =IF(CP129<>1,"",(CG129*CD129)/1000) -> 1155565.4 | CI129: =IF(CP129<>1,"",DATA_INPUT!$H129) -> 27.760773 | CJ129: =IF(CP129<>1,"",((CI129*CD129)/1000)) -> 142670.17 | CK129: =IF(CP129<>1,"",CF129*CONTROL_PANEL!$B$14) -> 216796.04 | CL129: =IF(CP129<>1,"",DATA_INPUT!$O129) -> 0 | CM129: =IF(CP129<>1,"",(CC129+CF129+CH129)-(CJ129+CL129+CK129)) -> 52381491 | CN129: =IF(CP129<>1,"",IF(CM129-CONTROL_PANEL!$B$11<0,0,CM129-CONTROL_PANEL!$B$11)) -> 2381490.7 | CO129: =IF(CP129<>1,"",IF(CL129<=0,0,MIN(CL129,MAX(0,CONTROL_PANEL!$B$13-CM129)))) -> 0 | CP129: 1
A130: =A118+1 -> 2026 | B130: =B118 -> 3 | C130: =IF(R130<>1,"",DAY(DATE(A130,B130+1,))) -> 31 | D130: =IF(R129<>1,"",235+((E130/1000/2)^(1/3.02))) -> 263.59378 | E130: =IF(R129<>1,"",IF(O129>0,IF(O129>CONTROL_PANEL!$B$11,CONTROL_PANEL!$B$11,O129),0)) -> 50000000 | F130: =IF(R130<>1,"",0.6*(D130-235)^2.02*10000) -> 5245896.7 | G130: =IF(R130<>1,"",DATA_INPUT!I130) -> 6.6705782 | H130: =IF(R130<>1,"",G130*CONTROL_PANEL!$B$5) -> 633037.87 | I130: =IF(R130<>1,"",DATA_INPUT!C130) -> 40.35 | J130: =IF(R130<>1,"",(I130*F130)/1000) -> 211671.93 | K130: =IF(R130<>1,"",DATA_INPUT!H130) -> 39.474742 | L130: =IF(R130<>1,"",((K130*F130)/1000)) -> 207080.42 | M130: =IF(R130<>1,"",H130*CONTROL_PANEL!$B$14) -> 44312.651 | N130: =IF(R130<>1,"",DATA_INPUT!K130) -> 0 | O130: =IF(R130<>1,"",(E130+H130+J130)-(L130+N130+M130)) -> 50593317 | P130: =IF(R130<>1,"",IF(O130-CONTROL_PANEL!$B$11<0,0,O130-CONTROL_PANEL!$B$11)) -> 593316.73 | Q130: =IF(R130<>1,"",IF(N130<=0,0,MIN(N130,MAX(0,CONTROL_PANEL!$B$13-O130)))) -> 0 | R130: 1 | T130: =T118+1 -> 2026 | U130: =U118 -> 3 | V130: =IF(AK130<>1,"",DAY(DATE(T130,U130+1,))) -> 31 | W130: =IF(AK129<>1,"",235+((X130/1000/2)^(1/3.02))) -> 262.36094 | X130: =IF(AK129<>1,"",IF(AH129>0,IF(AH129>CONTROL_PANEL!$B$11,CONTROL_PANEL!$B$11,AH129),0)) -> 43768879 | Y130: =IF(AK130<>1,"",0.6*(W130-235)^2.02*10000) -> 4799055.2 | Z130: =IF(AK130<>1,"",DATA_INPUT!I130) -> 6.6705782 | AA130: =IF(AK130<>1,"",Z130*CONTROL_PANEL!$B$5) -> 633037.87 | AB130: =IF(AK130<>1,"",DATA_INPUT!$C130) -> 40.35 | AC130: =IF(AK130<>1,"",(AB130*Y130)/1000) -> 193641.88 | AD130: =IF(AK130<>1,"",DATA_INPUT!$H130) -> 39.474742 | AE130: =IF(AK130<>1,"",((AD130*Y130)/1000)) -> 189441.47 | AF130: =IF(AK130<>1,"",AA130*CONTROL_PANEL!$B$14) -> 44312.651 | AG130: =IF(AK130<>1,"",DATA_INPUT!$L130) -> 0 | AH130: =IF(AK130<>1,"",(X130+AA130+AC130)-(AE130+AG130+AF130)) -> 44361805 | AI130: =IF(AK130<>1,"",IF(AH130-CONTROL_PANEL!$B$11<0,0,AH130-CONTROL_PANEL!$B$11)) -> 0 | AJ130: =IF(AK130<>1,"",IF(AG130<=0,0,MIN(AG130,MAX(0,CONTROL_PANEL!$B$13-AH130)))) -> 0 | AK130: 1 | AM130: =AM118+1 -> 2026 | AN130: =AN118 -> 3 | AO130: =IF(BD130<>1,"",DAY(DATE(AM130,AN130+1,))) -> 31 | AP130: =IF(BD129<>1,"",235+((AQ130/1000/2)^(1/3.02))) -> 263.59378 | AQ130: =IF(BD129<>1,"",IF(BA129>0,IF(BA129>CONTROL_PANEL!$B$11,CONTROL_PANEL!$B$11,BA129),0)) -> 50000000 | AR130: =IF(BD130<>1,"",0.6*(AP130-235)^2.02*10000) -> 5245896.7 | AS130: =IF(BD130<>1,"",DATA_INPUT!$I130) -> 6.6705782 | AT130: =IF(BD130<>1,"",AS130*CONTROL_PANEL!$B$5) -> 633037.87 | AU130: =IF(BD130<>1,"",DATA_INPUT!$C130) -> 40.35 | AV130: =IF(BD130<>1,"",(AU130*AR130)/1000) -> 211671.93 | AW130: =IF(BD130<>1,"",DATA_INPUT!$H130) -> 39.474742 | AX130: =IF(BD130<>1,"",((AW130*AR130)/1000)) -> 207080.42 | AY130: =IF(BD130<>1,"",AT130*CONTROL_PANEL!$B$14) -> 44312.651 | AZ130: =IF(BD130<>1,"",DATA_INPUT!$M130) -> 0 | BA130: =IF(BD130<>1,"",(AQ130+AT130+AV130)-(AX130+AZ130+AY130)) -> 50593317 | BB130: =IF(BD130<>1,"",IF(BA130-CONTROL_PANEL!$B$11<0,0,BA130-CONTROL_PANEL!$B$11)) -> 593316.73 | BC130: =IF(BD130<>1,"",IF(AZ130<=0,0,MIN(AZ130,MAX(0,CONTROL_PANEL!$B$13-BA130)))) -> 0 | BD130: 1 | BF130: =BF118+1 -> 2026 | BG130: =BG118 -> 3 | BH130: =IF(BW130<>1,"",DAY(DATE(BF130,BG130+1,))) -> 31 | BI130: =IF(BW129<>1,"",235+((BJ130/1000/2)^(1/3.02))) -> 263.59378 | BJ130: =IF(BW129<>1,"",IF(BT129>0,IF(BT129>CONTROL_PANEL!$B$11,CONTROL_PANEL!$B$11,BT129),0)) -> 50000000 | BK130: =IF(BW130<>1,"",0.6*(BI130-235)^2.02*10000) -> 5245896.7 | BL130: =IF(BW130<>1,"",DATA_INPUT!$I130) -> 6.6705782 | BM130: =IF(BW130<>1,"",BL130*CONTROL_PANEL!$B$5) -> 633037.87 | BN130: =IF(BW130<>1,"",DATA_INPUT!$C130) -> 40.35 | BO130: =IF(BW130<>1,"",(BN130*BK130)/1000) -> 211671.93 | BP130: =IF(BW130<>1,"",DATA_INPUT!$H130) -> 39.474742 | BQ130: =IF(BW130<>1,"",((BP130*BK130)/1000)) -> 207080.42 | BR130: =IF(BW130<>1,"",BM130*CONTROL_PANEL!$B$14) -> 44312.651 | BS130: =IF(BW130<>1,"",DATA_INPUT!$N130) -> 0 | BT130: =IF(BW130<>1,"",(BJ130+BM130+BO130)-(BQ130+BS130+BR130)) -> 50593317 | BU130: =IF(BW130<>1,"",IF(BT130-CONTROL_PANEL!$B$11<0,0,BT130-CONTROL_PANEL!$B$11)) -> 593316.73 | BV130: =IF(BW130<>1,"",IF(BS130<=0,0,MIN(BS130,MAX(0,CONTROL_PANEL!$B$13-BT130)))) -> 0 | BW130: 1 | BY130: =BY118+1 -> 2026 | BZ130: =BZ118 -> 3 | CA130: =IF(CP130<>1,"",DAY(DATE(BY130,BZ130+1,))) -> 31 | CB130: =IF(CP129<>1,"",235+((CC130/1000/2)^(1/3.02))) -> 263.59378 | CC130: =IF(CP129<>1,"",IF(CM129>0,IF(CM129>CONTROL_PANEL!$B$11,CONTROL_PANEL!$B$11,CM129),0)) -> 50000000 | CD130: =IF(CP130<>1,"",0.6*(CB130-235)^2.02*10000) -> 5245896.7 | CE130: =IF(CP130<>1,"",DATA_INPUT!$I130) -> 6.6705782 | CF130: =IF(CP130<>1,"",CE130*CONTROL_PANEL!$B$5) -> 633037.87 | CG130: =IF(CP130<>1,"",DATA_INPUT!$C130) -> 40.35 | CH130: =IF(CP130<>1,"",(CG130*CD130)/1000) -> 211671.93 | CI130: =IF(CP130<>1,"",DATA_INPUT!$H130) -> 39.474742 | CJ130: =IF(CP130<>1,"",((CI130*CD130)/1000)) -> 207080.42 | CK130: =IF(CP130<>1,"",CF130*CONTROL_PANEL!$B$14) -> 44312.651 | CL130: =IF(CP130<>1,"",DATA_INPUT!$O130) -> 0 | CM130: =IF(CP130<>1,"",(CC130+CF130+CH130)-(CJ130+CL130+CK130)) -> 50593317 | CN130: =IF(CP130<>1,"",IF(CM130-CONTROL_PANEL!$B$11<0,0,CM130-CONTROL_PANEL!$B$11)) -> 593316.73 | CO130: =IF(CP130<>1,"",IF(CL130<=0,0,MIN(CL130,MAX(0,CONTROL_PANEL!$B$13-CM130)))) -> 0 | CP130: 1
A131: =A119+1 -> 2026 | B131: =B119 -> 4 | C131: =IF(R131<>1,"",DAY(DATE(A131,B131+1,))) -> 30 | D131: =IF(R130<>1,"",235+((E131/1000/2)^(1/3.02))) -> 263.59378 | E131: =IF(R130<>1,"",IF(O130>0,IF(O130>CONTROL_PANEL!$B$11,CONTROL_PANEL!$B$11,O130),0)) -> 50000000 | F131: =IF(R131<>1,"",0.6*(D131-235)^2.02*10000) -> 5245896.7 | G131: =IF(R131<>1,"",DATA_INPUT!I131) -> 0.99487159 | H131: =IF(R131<>1,"",G131*CONTROL_PANEL!$B$5) -> 94413.314 | I131: =IF(R131<>1,"",DATA_INPUT!C131) -> 8.8 | J131: =IF(R131<>1,"",(I131*F131)/1000) -> 46163.891 | K131: =IF(R131<>1,"",DATA_INPUT!H131) -> 71.154192 | L131: =IF(R131<>1,"",((K131*F131)/1000)) -> 373267.54 | M131: =IF(R131<>1,"",H131*CONTROL_PANEL!$B$14) -> 6608.932 | N131: =IF(R131<>1,"",DATA_INPUT!K131) -> 6454.0528 | O131: =IF(R131<>1,"",(E131+H131+J131)-(L131+N131+M131)) -> 49754247 | P131: =IF(R131<>1,"",IF(O131-CONTROL_PANEL!$B$11<0,0,O131-CONTROL_PANEL!$B$11)) -> 0 | Q131: =IF(R131<>1,"",IF(N131<=0,0,MIN(N131,MAX(0,CONTROL_PANEL!$B$13-O131)))) -> 0 | R131: 1 | T131: =T119+1 -> 2026 | U131: =U119 -> 4 | V131: =IF(AK131<>1,"",DAY(DATE(T131,U131+1,))) -> 30 | W131: =IF(AK130<>1,"",235+((X131/1000/2)^(1/3.02))) -> 262.48312 | X131: =IF(AK130<>1,"",IF(AH130>0,IF(AH130>CONTROL_PANEL!$B$11,CONTROL_PANEL!$B$11,AH130),0)) -> 44361805 | Y131: =IF(AK131<>1,"",0.6*(W131-235)^2.02*10000) -> 4842442.8 | Z131: =IF(AK131<>1,"",DATA_INPUT!I131) -> 0.99487159 | AA131: =IF(AK131<>1,"",Z131*CONTROL_PANEL!$B$5) -> 94413.314 | AB131: =IF(AK131<>1,"",DATA_INPUT!$C131) -> 8.8 | AC131: =IF(AK131<>1,"",(AB131*Y131)/1000) -> 42613.497 | AD131: =IF(AK131<>1,"",DATA_INPUT!$H131) -> 71.154192 | AE131: =IF(AK131<>1,"",((AD131*Y131)/1000)) -> 344560.11 | AF131: =IF(AK131<>1,"",AA131*CONTROL_PANEL!$B$14) -> 6608.932 | AG131: =IF(AK131<>1,"",DATA_INPUT!$L131) -> 8070.0462 | AH131: =IF(AK131<>1,"",(X131+AA131+AC131)-(AE131+AG131+AF131)) -> 44139593 | AI131: =IF(AK131<>1,"",IF(AH131-CONTROL_PANEL!$B$11<0,0,AH131-CONTROL_PANEL!$B$11)) -> 0 | AJ131: =IF(AK131<>1,"",IF(AG131<=0,0,MIN(AG131,MAX(0,CONTROL_PANEL!$B$13-AH131)))) -> 0 | AK131: 1 | AM131: =AM119+1 -> 2026 | AN131: =AN119 -> 4 | AO131: =IF(BD131<>1,"",DAY(DATE(AM131,AN131+1,))) -> 30 | AP131: =IF(BD130<>1,"",235+((AQ131/1000/2)^(1/3.02))) -> 263.59378 | AQ131: =IF(BD130<>1,"",IF(BA130>0,IF(BA130>CONTROL_PANEL!$B$11,CONTROL_PANEL!$B$11,BA130),0)) -> 50000000 | AR131: =IF(BD131<>1,"",0.6*(AP131-235)^2.02*10000) -> 5245896.7 | AS131: =IF(BD131<>1,"",DATA_INPUT!$I131) -> 0.99487159 | AT131: =IF(BD131<>1,"",AS131*CONTROL_PANEL!$B$5) -> 94413.314 | AU131: =IF(BD131<>1,"",DATA_INPUT!$C131) -> 8.8 | AV131: =IF(BD131<>1,"",(AU131*AR131)/1000) -> 46163.891 | AW131: =IF(BD131<>1,"",DATA_INPUT!$H131) -> 71.154192 | AX131: =IF(BD131<>1,"",((AW131*AR131)/1000)) -> 373267.54 | AY131: =IF(BD131<>1,"",AT131*CONTROL_PANEL!$B$14) -> 6608.932 | AZ131: =IF(BD131<>1,"",DATA_INPUT!$M131) -> 3851.0734 | BA131: =IF(BD131<>1,"",(AQ131+AT131+AV131)-(AX131+AZ131+AY131)) -> 49756850 | BB131: =IF(BD131<>1,"",IF(BA131-CONTROL_PANEL!$B$11<0,0,BA131-CONTROL_PANEL!$B$11)) -> 0 | BC131: =IF(BD131<>1,"",IF(AZ131<=0,0,MIN(AZ131,MAX(0,CONTROL_PANEL!$B$13-BA131)))) -> 0 | BD131: 1 | BF131: =BF119+1 -> 2026 | BG131: =BG119 -> 4 | BH131: =IF(BW131<>1,"",DAY(DATE(BF131,BG131+1,))) -> 30 | BI131: =IF(BW130<>1,"",235+((BJ131/1000/2)^(1/3.02))) -> 263.59378 | BJ131: =IF(BW130<>1,"",IF(BT130>0,IF(BT130>CONTROL_PANEL!$B$11,CONTROL_PANEL!$B$11,BT130),0)) -> 50000000 | BK131: =IF(BW131<>1,"",0.6*(BI131-235)^2.02*10000) -> 5245896.7 | BL131: =IF(BW131<>1,"",DATA_INPUT!$I131) -> 0.99487159 | BM131: =IF(BW131<>1,"",BL131*CONTROL_PANEL!$B$5) -> 94413.314 | BN131: =IF(BW131<>1,"",DATA_INPUT!$C131) -> 8.8 | BO131: =IF(BW131<>1,"",(BN131*BK131)/1000) -> 46163.891 | BP131: =IF(BW131<>1,"",DATA_INPUT!$H131) -> 71.154192 | BQ131: =IF(BW131<>1,"",((BP131*BK131)/1000)) -> 373267.54 | BR131: =IF(BW131<>1,"",BM131*CONTROL_PANEL!$B$14) -> 6608.932 | BS131: =IF(BW131<>1,"",DATA_INPUT!$N131) -> 412.49376 | BT131: =IF(BW131<>1,"",(BJ131+BM131+BO131)-(BQ131+BS131+BR131)) -> 49760288 | BU131: =IF(BW131<>1,"",IF(BT131-CONTROL_PANEL!$B$11<0,0,BT131-CONTROL_PANEL!$B$11)) -> 0 | BV131: =IF(BW131<>1,"",IF(BS131<=0,0,MIN(BS131,MAX(0,CONTROL_PANEL!$B$13-BT131)))) -> 0 | BW131: 1 | BY131: =BY119+1 -> 2026 | BZ131: =BZ119 -> 4 | CA131: =IF(CP131<>1,"",DAY(DATE(BY131,BZ131+1,))) -> 30 | CB131: =IF(CP130<>1,"",235+((CC131/1000/2)^(1/3.02))) -> 263.59378 | CC131: =IF(CP130<>1,"",IF(CM130>0,IF(CM130>CONTROL_PANEL!$B$11,CONTROL_PANEL!$B$11,CM130),0)) -> 50000000 | CD131: =IF(CP131<>1,"",0.6*(CB131-235)^2.02*10000) -> 5245896.7 | CE131: =IF(CP131<>1,"",DATA_INPUT!$I131) -> 0.99487159 | CF131: =IF(CP131<>1,"",CE131*CONTROL_PANEL!$B$5) -> 94413.314 | CG131: =IF(CP131<>1,"",DATA_INPUT!$C131) -> 8.8 | CH131: =IF(CP131<>1,"",(CG131*CD131)/1000) -> 46163.891 | CI131: =IF(CP131<>1,"",DATA_INPUT!$H131) -> 71.154192 | CJ131: =IF(CP131<>1,"",((CI131*CD131)/1000)) -> 373267.54 | CK131: =IF(CP131<>1,"",CF131*CONTROL_PANEL!$B$14) -> 6608.932 | CL131: =IF(CP131<>1,"",DATA_INPUT!$O131) -> 467.70065 | CM131: =IF(CP131<>1,"",(CC131+CF131+CH131)-(CJ131+CL131+CK131)) -> 49760233 | CN131: =IF(CP131<>1,"",IF(CM131-CONTROL_PANEL!$B$11<0,0,CM131-CONTROL_PANEL!$B$11)) -> 0 | CO131: =IF(CP131<>1,"",IF(CL131<=0,0,MIN(CL131,MAX(0,CONTROL_PANEL!$B$13-CM131)))) -> 0 | CP131: 1
A132: =A120+1 -> 2026 | B132: =B120 -> 5 | C132: =IF(R132<>1,"",DAY(DATE(A132,B132+1,))) -> 31 | D132: =IF(R131<>1,"",235+((E132/1000/2)^(1/3.02))) -> 263.54716 | E132: =IF(R131<>1,"",IF(O131>0,IF(O131>CONTROL_PANEL!$B$11,CONTROL_PANEL!$B$11,O131),0)) -> 49754247 | F132: =IF(R132<>1,"",0.6*(D132-235)^2.02*10000) -> 5228636.4 | G132: =IF(R132<>1,"",DATA_INPUT!I132) -> 0 | H132: =IF(R132<>1,"",G132*CONTROL_PANEL!$B$5) -> 0 | I132: =IF(R132<>1,"",DATA_INPUT!C132) -> 5.7 | J132: =IF(R132<>1,"",(I132*F132)/1000) -> 29803.228 | K132: =IF(R132<>1,"",DATA_INPUT!H132) -> 96.366204 | L132: =IF(R132<>1,"",((K132*F132)/1000)) -> 503863.84 | M132: =IF(R132<>1,"",H132*CONTROL_PANEL!$B$14) -> 0 | N132: =IF(R132<>1,"",DATA_INPUT!K132) -> 321056.75 | O132: =IF(R132<>1,"",(E132+H132+J132)-(L132+N132+M132)) -> 48959129 | P132: =IF(R132<>1,"",IF(O132-CONTROL_PANEL!$B$11<0,0,O132-CONTROL_PANEL!$B$11)) -> 0 | Q132: =IF(R132<>1,"",IF(N132<=0,0,MIN(N132,MAX(0,CONTROL_PANEL!$B$13-O132)))) -> 0 | R132: 1 | T132: =T120+1 -> 2026 | U132: =U120 -> 5 | V132: =IF(AK132<>1,"",DAY(DATE(T132,U132+1,))) -> 31 | W132: =IF(AK131<>1,"",235+((X132/1000/2)^(1/3.02))) -> 262.43745 | X132: =IF(AK131<>1,"",IF(AH131>0,IF(AH131>CONTROL_PANEL!$B$11,CONTROL_PANEL!$B$11,AH131),0)) -> 44139593 | Y132: =IF(AK132<>1,"",0.6*(W132-235)^2.02*10000) -> 4826204.9 | Z132: =IF(AK132<>1,"",DATA_INPUT!I132) -> 0 | AA132: =IF(AK132<>1,"",Z132*CONTROL_PANEL!$B$5) -> 0 | AB132: =IF(AK132<>1,"",DATA_INPUT!$C132) -> 5.7 | AC132: =IF(AK132<>1,"",(AB132*Y132)/1000) -> 27509.368 | AD132: =IF(AK132<>1,"",DATA_INPUT!$H132) -> 96.366204 | AE132: =IF(AK132<>1,"",((AD132*Y132)/1000)) -> 465083.05 | AF132: =IF(AK132<>1,"",AA132*CONTROL_PANEL!$B$14) -> 0 | AG132: =IF(AK132<>1,"",DATA_INPUT!$L132) -> 405531.53 | AH132: =IF(AK132<>1,"",(X132+AA132+AC132)-(AE132+AG132+AF132)) -> 43296488 | AI132: =IF(AK132<>1,"",IF(AH132-CONTROL_PANEL!$B$11<0,0,AH132-CONTROL_PANEL!$B$11)) -> 0 | AJ132: =IF(AK132<>1,"",IF(AG132<=0,0,MIN(AG132,MAX(0,CONTROL_PANEL!$B$13-AH132)))) -> 0 | AK132: 1 | AM132: =AM120+1 -> 2026 | AN132: =AN120 -> 5 | AO132: =IF(BD132<>1,"",DAY(DATE(AM132,AN132+1,))) -> 31 | AP132: =IF(BD131<>1,"",235+((AQ132/1000/2)^(1/3.02))) -> 263.54766 | AQ132: =IF(BD131<>1,"",IF(BA131>0,IF(BA131>CONTROL_PANEL!$B$11,CONTROL_PANEL!$B$11,BA131),0)) -> 49756850 | AR132: =IF(BD132<>1,"",0.6*(AP132-235)^2.02*10000) -> 5228819.4 | AS132: =IF(BD132<>1,"",DATA_INPUT!$I132) -> 0 | AT132: =IF(BD132<>1,"",AS132*CONTROL_PANEL!$B$5) -> 0 | AU132: =IF(BD132<>1,"",DATA_INPUT!$C132) -> 5.7 | AV132: =IF(BD132<>1,"",(AU132*AR132)/1000) -> 29804.27 | AW132: =IF(BD132<>1,"",DATA_INPUT!$H132) -> 96.366204 | AX132: =IF(BD132<>1,"",((AW132*AR132)/1000)) -> 503881.48 | AY132: =IF(BD132<>1,"",AT132*CONTROL_PANEL!$B$14) -> 0 | AZ132: =IF(BD132<>1,"",DATA_INPUT!$M132) -> 316923.53 | BA132: =IF(BD132<>1,"",(AQ132+AT132+AV132)-(AX132+AZ132+AY132)) -> 48965849 | BB132: =IF(BD132<>1,"",IF(BA132-CONTROL_PANEL!$B$11<0,0,BA132-CONTROL_PANEL!$B$11)) -> 0 | BC132: =IF(BD132<>1,"",IF(AZ132<=0,0,MIN(AZ132,MAX(0,CONTROL_PANEL!$B$13-BA132)))) -> 0 | BD132: 1 | BF132: =BF120+1 -> 2026 | BG132: =BG120 -> 5 | BH132: =IF(BW132<>1,"",DAY(DATE(BF132,BG132+1,))) -> 31 | BI132: =IF(BW131<>1,"",235+((BJ132/1000/2)^(1/3.02))) -> 263.54831 | BJ132: =IF(BW131<>1,"",IF(BT131>0,IF(BT131>CONTROL_PANEL!$B$11,CONTROL_PANEL!$B$11,BT131),0)) -> 49760288 | BK132: =IF(BW132<>1,"",0.6*(BI132-235)^2.02*10000) -> 5229061.1 | BL132: =IF(BW132<>1,"",DATA_INPUT!$I132) -> 0 | BM132: =IF(BW132<>1,"",BL132*CONTROL_PANEL!$B$5) -> 0 | BN132: =IF(BW132<>1,"",DATA_INPUT!$C132) -> 5.7 | BO132: =IF(BW132<>1,"",(BN132*BK132)/1000) -> 29805.648 | BP132: =IF(BW132<>1,"",DATA_INPUT!$H132) -> 96.366204 | BQ132: =IF(BW132<>1,"",((BP132*BK132)/1000)) -> 503904.77 | BR132: =IF(BW132<>1,"",BM132*CONTROL_PANEL!$B$14) -> 0 | BS132: =IF(BW132<>1,"",DATA_INPUT!$N132) -> 253079.95 | BT132: =IF(BW132<>1,"",(BJ132+BM132+BO132)-(BQ132+BS132+BR132)) -> 49033109 | BU132: =IF(BW132<>1,"",IF(BT132-CONTROL_PANEL!$B$11<0,0,BT132-CONTROL_PANEL!$B$11)) -> 0 | BV132: =IF(BW132<>1,"",IF(BS132<=0,0,MIN(BS132,MAX(0,CONTROL_PANEL!$B$13-BT132)))) -> 0 | BW132: 1 | BY132: =BY120+1 -> 2026 | BZ132: =BZ120 -> 5 | CA132: =IF(CP132<>1,"",DAY(DATE(BY132,BZ132+1,))) -> 31 | CB132: =IF(CP131<>1,"",235+((CC132/1000/2)^(1/3.02))) -> 263.5483 | CC132: =IF(CP131<>1,"",IF(CM131>0,IF(CM131>CONTROL_PANEL!$B$11,CONTROL_PANEL!$B$11,CM131),0)) -> 49760233 | CD132: =IF(CP132<>1,"",0.6*(CB132-235)^2.02*10000) -> 5229057.2 | CE132: =IF(CP132<>1,"",DATA_INPUT!$I132) -> 0 | CF132: =IF(CP132<>1,"",CE132*CONTROL_PANEL!$B$5) -> 0 | CG132: =IF(CP132<>1,"",DATA_INPUT!$C132) -> 5.7 | CH132: =IF(CP132<>1,"",(CG132*CD132)/1000) -> 29805.626 | CI132: =IF(CP132<>1,"",DATA_INPUT!$H132) -> 96.366204 | CJ132: =IF(CP132<>1,"",((CI132*CD132)/1000)) -> 503904.39 | CK132: =IF(CP132<>1,"",CF132*CONTROL_PANEL!$B$14) -> 0 | CL132: =IF(CP132<>1,"",DATA_INPUT!$O132) -> 288025.88 | CM132: =IF(CP132<>1,"",(CC132+CF132+CH132)-(CJ132+CL132+CK132)) -> 48998108 | CN132: =IF(CP132<>1,"",IF(CM132-CONTROL_PANEL!$B$11<0,0,CM132-CONTROL_PANEL!$B$11)) -> 0 | CO132: =IF(CP132<>1,"",IF(CL132<=0,0,MIN(CL132,MAX(0,CONTROL_PANEL!$B$13-CM132)))) -> 0 | CP132: 1
A133: =A121+1 -> 2026 | B133: =B121 -> 6 | C133: =IF(R133<>1,"",DAY(DATE(A133,B133+1,))) | D133: =IF(R132<>1,"",235+((E133/1000/2)^(1/3.02))) -> 263.39529 | E133: =IF(R132<>1,"",IF(O132>0,IF(O132>CONTROL_PANEL!$B$11,CONTROL_PANEL!$B$11,O132),0)) -> 48959129 | F133: =IF(R133<>1,"",0.6*(D133-235)^2.02*10000) | G133: =IF(R133<>1,"",DATA_INPUT!I133) | H133: =IF(R133<>1,"",G133*CONTROL_PANEL!$B$5) | I133: =IF(R133<>1,"",DATA_INPUT!C133) | J133: =IF(R133<>1,"",(I133*F133)/1000) | K133: =IF(R133<>1,"",DATA_INPUT!H133) | L133: =IF(R133<>1,"",((K133*F133)/1000)) | M133: =IF(R133<>1,"",H133*CONTROL_PANEL!$B$14) | N133: =IF(R133<>1,"",DATA_INPUT!K133) | O133: =IF(R133<>1,"",(E133+H133+J133)-(L133+N133+M133)) | P133: =IF(R133<>1,"",IF(O133-CONTROL_PANEL!$B$11<0,0,O133-CONTROL_PANEL!$B$11)) | Q133: =IF(R133<>1,"",IF(N133<=0,0,MIN(N133,MAX(0,CONTROL_PANEL!$B$13-O133)))) | T133: =T121+1 -> 2026 | U133: =U121 -> 6 | V133: =IF(AK133<>1,"",DAY(DATE(T133,U133+1,))) | W133: =IF(AK132<>1,"",235+((X133/1000/2)^(1/3.02))) -> 262.2628 | X133: =IF(AK132<>1,"",IF(AH132>0,IF(AH132>CONTROL_PANEL!$B$11,CONTROL_PANEL!$B$11,AH132),0)) -> 43296488 | Y133: =IF(AK133<>1,"",0.6*(W133-235)^2.02*10000) | Z133: =IF(AK133<>1,"",DATA_INPUT!I133) | AA133: =IF(AK133<>1,"",Z133*CONTROL_PANEL!$B$5) | AB133: =IF(AK133<>1,"",DATA_INPUT!$C133) | AC133: =IF(AK133<>1,"",(AB133*Y133)/1000) | AD133: =IF(AK133<>1,"",DATA_INPUT!$H133) | AE133: =IF(AK133<>1,"",((AD133*Y133)/1000)) | AF133: =IF(AK133<>1,"",AA133*CONTROL_PANEL!$B$14) | AG133: =IF(AK133<>1,"",DATA_INPUT!$L133) | AH133: =IF(AK133<>1,"",(X133+AA133+AC133)-(AE133+AG133+AF133)) | AI133: =IF(AK133<>1,"",IF(AH133-CONTROL_PANEL!$B$11<0,0,AH133-CONTROL_PANEL!$B$11)) | AJ133: =IF(AK133<>1,"",IF(AG133<=0,0,MIN(AG133,MAX(0,CONTROL_PANEL!$B$13-AH133)))) | AM133: =AM121+1 -> 2026 | AN133: =AN121 -> 6 | AO133: =IF(BD133<>1,"",DAY(DATE(AM133,AN133+1,))) | AP133: =IF(BD132<>1,"",235+((AQ133/1000/2)^(1/3.02))) -> 263.39658 | AQ133: =IF(BD132<>1,"",IF(BA132>0,IF(BA132>CONTROL_PANEL!$B$11,CONTROL_PANEL!$B$11,BA132),0)) -> 48965849 | AR133: =IF(BD133<>1,"",0.6*(AP133-235)^2.02*10000) | AS133: =IF(BD133<>1,"",DATA_INPUT!$I133) | AT133: =IF(BD133<>1,"",AS133*CONTROL_PANEL!$B$5) | AU133: =IF(BD133<>1,"",DATA_INPUT!$C133) | AV133: =IF(BD133<>1,"",(AU133*AR133)/1000) | AW133: =IF(BD133<>1,"",DATA_INPUT!$H133) | AX133: =IF(BD133<>1,"",((AW133*AR133)/1000)) | AY133: =IF(BD133<>1,"",AT133*CONTROL_PANEL!$B$14) | AZ133: =IF(BD133<>1,"",DATA_INPUT!$M133) | BA133: =IF(BD133<>1,"",(AQ133+AT133+AV133)-(AX133+AZ133+AY133)) | BB133: =IF(BD133<>1,"",IF(BA133-CONTROL_PANEL!$B$11<0,0,BA133-CONTROL_PANEL!$B$11)) | BC133: =IF(BD133<>1,"",IF(AZ133<=0,0,MIN(AZ133,MAX(0,CONTROL_PANEL!$B$13-BA133)))) | BF133: =BF121+1 -> 2026 | BG133: =BG121 -> 6 | BH133: =IF(BW133<>1,"",DAY(DATE(BF133,BG133+1,))) | BI133: =IF(BW132<>1,"",235+((BJ133/1000/2)^(1/3.02))) -> 263.40949 | BJ133: =IF(BW132<>1,"",IF(BT132>0,IF(BT132>CONTROL_PANEL!$B$11,CONTROL_PANEL!$B$11,BT132),0)) -> 49033109 | BK133: =IF(BW133<>1,"",0.6*(BI133-235)^2.02*10000) | BL133: =IF(BW133<>1,"",DATA_INPUT!$I133) | BM133: =IF(BW133<>1,"",BL133*CONTROL_PANEL!$B$5) | BN133: =IF(BW133<>1,"",DATA_INPUT!$C133) | BO133: =IF(BW133<>1,"",(BN133*BK133)/1000) | BP133: =IF(BW133<>1,"",DATA_INPUT!$H133) | BQ133: =IF(BW133<>1,"",((BP133*BK133)/1000)) | BR133: =IF(BW133<>1,"",BM133*CONTROL_PANEL!$B$14) | BS133: =IF(BW133<>1,"",DATA_INPUT!$N133) | BT133: =IF(BW133<>1,"",(BJ133+BM133+BO133)-(BQ133+BS133+BR133)) | BU133: =IF(BW133<>1,"",IF(BT133-CONTROL_PANEL!$B$11<0,0,BT133-CONTROL_PANEL!$B$11)) | BV133: =IF(BW133<>1,"",IF(BS133<=0,0,MIN(BS133,MAX(0,CONTROL_PANEL!$B$13-BT133)))) | BY133: =BY121+1 -> 2026 | BZ133: =BZ121 -> 6 | CA133: =IF(CP133<>1,"",DAY(DATE(BY133,BZ133+1,))) | CB133: =IF(CP132<>1,"",235+((CC133/1000/2)^(1/3.02))) -> 263.40277 | CC133: =IF(CP132<>1,"",IF(CM132>0,IF(CM132>CONTROL_PANEL!$B$11,CONTROL_PANEL!$B$11,CM132),0)) -> 48998108 | CD133: =IF(CP133<>1,"",0.6*(CB133-235)^2.02*10000) | CE133: =IF(CP133<>1,"",DATA_INPUT!$I133) | CF133: =IF(CP133<>1,"",CE133*CONTROL_PANEL!$B$5) | CG133: =IF(CP133<>1,"",DATA_INPUT!$C133) | CH133: =IF(CP133<>1,"",(CG133*CD133)/1000) | CI133: =IF(CP133<>1,"",DATA_INPUT!$H133) | CJ133: =IF(CP133<>1,"",((CI133*CD133)/1000)) | CK133: =IF(CP133<>1,"",CF133*CONTROL_PANEL!$B$14) | CL133: =IF(CP133<>1,"",DATA_INPUT!$O133) | CM133: =IF(CP133<>1,"",(CC133+CF133+CH133)-(CJ133+CL133+CK133)) | CN133: =IF(CP133<>1,"",IF(CM133-CONTROL_PANEL!$B$11<0,0,CM133-CONTROL_PANEL!$B$11)) | CO133: =IF(CP133<>1,"",IF(CL133<=0,0,MIN(CL133,MAX(0,CONTROL_PANEL!$B$13-CM133))))
A134: =A122+1 -> 2026 | B134: =B122 -> 7 | C134: =IF(R134<>1,"",DAY(DATE(A134,B134+1,))) | D134: =IF(R133<>1,"",235+((E134/1000/2)^(1/3.02))) | E134: =IF(R133<>1,"",IF(O133>0,IF(O133>CONTROL_PANEL!$B$11,CONTROL_PANEL!$B$11,O133),0)) | F134: =IF(R134<>1,"",0.6*(D134-235)^2.02*10000) | G134: =IF(R134<>1,"",DATA_INPUT!I134) | H134: =IF(R134<>1,"",G134*CONTROL_PANEL!$B$5) | I134: =IF(R134<>1,"",DATA_INPUT!C134) | J134: =IF(R134<>1,"",(I134*F134)/1000) | K134: =IF(R134<>1,"",DATA_INPUT!H134) | L134: =IF(R134<>1,"",((K134*F134)/1000)) | M134: =IF(R134<>1,"",H134*CONTROL_PANEL!$B$14) | N134: =IF(R134<>1,"",DATA_INPUT!K134) | O134: =IF(R134<>1,"",(E134+H134+J134)-(L134+N134+M134)) | P134: =IF(R134<>1,"",IF(O134-CONTROL_PANEL!$B$11<0,0,O134-CONTROL_PANEL!$B$11)) | Q134: =IF(R134<>1,"",IF(N134<=0,0,MIN(N134,MAX(0,CONTROL_PANEL!$B$13-O134)))) | T134: =T122+1 -> 2026 | U134: =U122 -> 7 | V134: =IF(AK134<>1,"",DAY(DATE(T134,U134+1,))) | W134: =IF(AK133<>1,"",235+((X134/1000/2)^(1/3.02))) | X134: =IF(AK133<>1,"",IF(AH133>0,IF(AH133>CONTROL_PANEL!$B$11,CONTROL_PANEL!$B$11,AH133),0)) | Y134: =IF(AK134<>1,"",0.6*(W134-235)^2.02*10000) | Z134: =IF(AK134<>1,"",DATA_INPUT!I134) | AA134: =IF(AK134<>1,"",Z134*CONTROL_PANEL!$B$5) | AB134: =IF(AK134<>1,"",DATA_INPUT!$C134) | AC134: =IF(AK134<>1,"",(AB134*Y134)/1000) | AD134: =IF(AK134<>1,"",DATA_INPUT!$H134) | AE134: =IF(AK134<>1,"",((AD134*Y134)/1000)) | AF134: =IF(AK134<>1,"",AA134*CONTROL_PANEL!$B$14) | AG134: =IF(AK134<>1,"",DATA_INPUT!$L134) | AH134: =IF(AK134<>1,"",(X134+AA134+AC134)-(AE134+AG134+AF134)) | AI134: =IF(AK134<>1,"",IF(AH134-CONTROL_PANEL!$B$11<0,0,AH134-CONTROL_PANEL!$B$11)) | AJ134: =IF(AK134<>1,"",IF(AG134<=0,0,MIN(AG134,MAX(0,CONTROL_PANEL!$B$13-AH134)))) | AM134: =AM122+1 -> 2026 | AN134: =AN122 -> 7 | AO134: =IF(BD134<>1,"",DAY(DATE(AM134,AN134+1,))) | AP134: =IF(BD133<>1,"",235+((AQ134/1000/2)^(1/3.02))) | AQ134: =IF(BD133<>1,"",IF(BA133>0,IF(BA133>CONTROL_PANEL!$B$11,CONTROL_PANEL!$B$11,BA133),0)) | AR134: =IF(BD134<>1,"",0.6*(AP134-235)^2.02*10000) | AS134: =IF(BD134<>1,"",DATA_INPUT!$I134) | AT134: =IF(BD134<>1,"",AS134*CONTROL_PANEL!$B$5) | AU134: =IF(BD134<>1,"",DATA_INPUT!$C134) | AV134: =IF(BD134<>1,"",(AU134*AR134)/1000) | AW134: =IF(BD134<>1,"",DATA_INPUT!$H134) | AX134: =IF(BD134<>1,"",((AW134*AR134)/1000)) | AY134: =IF(BD134<>1,"",AT134*CONTROL_PANEL!$B$14) | AZ134: =IF(BD134<>1,"",DATA_INPUT!$M134) | BA134: =IF(BD134<>1,"",(AQ134+AT134+AV134)-(AX134+AZ134+AY134)) | BB134: =IF(BD134<>1,"",IF(BA134-CONTROL_PANEL!$B$11<0,0,BA134-CONTROL_PANEL!$B$11)) | BC134: =IF(BD134<>1,"",IF(AZ134<=0,0,MIN(AZ134,MAX(0,CONTROL_PANEL!$B$13-BA134)))) | BF134: =BF122+1 -> 2026 | BG134: =BG122 -> 7 | BH134: =IF(BW134<>1,"",DAY(DATE(BF134,BG134+1,))) | BI134: =IF(BW133<>1,"",235+((BJ134/1000/2)^(1/3.02))) | BJ134: =IF(BW133<>1,"",IF(BT133>0,IF(BT133>CONTROL_PANEL!$B$11,CONTROL_PANEL!$B$11,BT133),0)) | BK134: =IF(BW134<>1,"",0.6*(BI134-235)^2.02*10000) | BL134: =IF(BW134<>1,"",DATA_INPUT!$I134) | BM134: =IF(BW134<>1,"",BL134*CONTROL_PANEL!$B$5) | BN134: =IF(BW134<>1,"",DATA_INPUT!$C134) | BO134: =IF(BW134<>1,"",(BN134*BK134)/1000) | BP134: =IF(BW134<>1,"",DATA_INPUT!$H134) | BQ134: =IF(BW134<>1,"",((BP134*BK134)/1000)) | BR134: =IF(BW134<>1,"",BM134*CONTROL_PANEL!$B$14) | BS134: =IF(BW134<>1,"",DATA_INPUT!$N134) | BT134: =IF(BW134<>1,"",(BJ134+BM134+BO134)-(BQ134+BS134+BR134)) | BU134: =IF(BW134<>1,"",IF(BT134-CONTROL_PANEL!$B$11<0,0,BT134-CONTROL_PANEL!$B$11)) | BV134: =IF(BW134<>1,"",IF(BS134<=0,0,MIN(BS134,MAX(0,CONTROL_PANEL!$B$13-BT134)))) | BY134: =BY122+1 -> 2026 | BZ134: =BZ122 -> 7 | CA134: =IF(CP134<>1,"",DAY(DATE(BY134,BZ134+1,))) | CB134: =IF(CP133<>1,"",235+((CC134/1000/2)^(1/3.02))) | CC134: =IF(CP133<>1,"",IF(CM133>0,IF(CM133>CONTROL_PANEL!$B$11,CONTROL_PANEL!$B$11,CM133),0)) | CD134: =IF(CP134<>1,"",0.6*(CB134-235)^2.02*10000) | CE134: =IF(CP134<>1,"",DATA_INPUT!$I134) | CF134: =IF(CP134<>1,"",CE134*CONTROL_PANEL!$B$5) | CG134: =IF(CP134<>1,"",DATA_INPUT!$C134) | CH134: =IF(CP134<>1,"",(CG134*CD134)/1000) | CI134: =IF(CP134<>1,"",DATA_INPUT!$H134) | CJ134: =IF(CP134<>1,"",((CI134*CD134)/1000)) | CK134: =IF(CP134<>1,"",CF134*CONTROL_PANEL!$B$14) | CL134: =IF(CP134<>1,"",DATA_INPUT!$O134) | CM134: =IF(CP134<>1,"",(CC134+CF134+CH134)-(CJ134+CL134+CK134)) | CN134: =IF(CP134<>1,"",IF(CM134-CONTROL_PANEL!$B$11<0,0,CM134-CONTROL_PANEL!$B$11)) | CO134: =IF(CP134<>1,"",IF(CL134<=0,0,MIN(CL134,MAX(0,CONTROL_PANEL!$B$13-CM134))))
A135: =A123+1 -> 2026 | B135: =B123 -> 8 | C135: =IF(R135<>1,"",DAY(DATE(A135,B135+1,))) | D135: =IF(R134<>1,"",235+((E135/1000/2)^(1/3.02))) | E135: =IF(R134<>1,"",IF(O134>0,IF(O134>CONTROL_PANEL!$B$11,CONTROL_PANEL!$B$11,O134),0)) | F135: =IF(R135<>1,"",0.6*(D135-235)^2.02*10000) | G135: =IF(R135<>1,"",DATA_INPUT!I135) | H135: =IF(R135<>1,"",G135*CONTROL_PANEL!$B$5) | I135: =IF(R135<>1,"",DATA_INPUT!C135) | J135: =IF(R135<>1,"",(I135*F135)/1000) | K135: =IF(R135<>1,"",DATA_INPUT!H135) | L135: =IF(R135<>1,"",((K135*F135)/1000)) | M135: =IF(R135<>1,"",H135*CONTROL_PANEL!$B$14) | N135: =IF(R135<>1,"",DATA_INPUT!K135) | O135: =IF(R135<>1,"",(E135+H135+J135)-(L135+N135+M135)) | P135: =IF(R135<>1,"",IF(O135-CONTROL_PANEL!$B$11<0,0,O135-CONTROL_PANEL!$B$11)) | Q135: =IF(R135<>1,"",IF(N135<=0,0,MIN(N135,MAX(0,CONTROL_PANEL!$B$13-O135)))) | T135: =T123+1 -> 2026 | U135: =U123 -> 8 | V135: =IF(AK135<>1,"",DAY(DATE(T135,U135+1,))) | W135: =IF(AK134<>1,"",235+((X135/1000/2)^(1/3.02))) | X135: =IF(AK134<>1,"",IF(AH134>0,IF(AH134>CONTROL_PANEL!$B$11,CONTROL_PANEL!$B$11,AH134),0)) | Y135: =IF(AK135<>1,"",0.6*(W135-235)^2.02*10000) | Z135: =IF(AK135<>1,"",DATA_INPUT!I135) | AA135: =IF(AK135<>1,"",Z135*CONTROL_PANEL!$B$5) | AB135: =IF(AK135<>1,"",DATA_INPUT!$C135) | AC135: =IF(AK135<>1,"",(AB135*Y135)/1000) | AD135: =IF(AK135<>1,"",DATA_INPUT!$H135) | AE135: =IF(AK135<>1,"",((AD135*Y135)/1000)) | AF135: =IF(AK135<>1,"",AA135*CONTROL_PANEL!$B$14) | AG135: =IF(AK135<>1,"",DATA_INPUT!$L135) | AH135: =IF(AK135<>1,"",(X135+AA135+AC135)-(AE135+AG135+AF135)) | AI135: =IF(AK135<>1,"",IF(AH135-CONTROL_PANEL!$B$11<0,0,AH135-CONTROL_PANEL!$B$11)) | AJ135: =IF(AK135<>1,"",IF(AG135<=0,0,MIN(AG135,MAX(0,CONTROL_PANEL!$B$13-AH135)))) | AM135: =AM123+1 -> 2026 | AN135: =AN123 -> 8 | AO135: =IF(BD135<>1,"",DAY(DATE(AM135,AN135+1,))) | AP135: =IF(BD134<>1,"",235+((AQ135/1000/2)^(1/3.02))) | AQ135: =IF(BD134<>1,"",IF(BA134>0,IF(BA134>CONTROL_PANEL!$B$11,CONTROL_PANEL!$B$11,BA134),0)) | AR135: =IF(BD135<>1,"",0.6*(AP135-235)^2.02*10000) | AS135: =IF(BD135<>1,"",DATA_INPUT!$I135) | AT135: =IF(BD135<>1,"",AS135*CONTROL_PANEL!$B$5) | AU135: =IF(BD135<>1,"",DATA_INPUT!$C135) | AV135: =IF(BD135<>1,"",(AU135*AR135)/1000) | AW135: =IF(BD135<>1,"",DATA_INPUT!$H135) | AX135: =IF(BD135<>1,"",((AW135*AR135)/1000)) | AY135: =IF(BD135<>1,"",AT135*CONTROL_PANEL!$B$14) | AZ135: =IF(BD135<>1,"",DATA_INPUT!$M135) | BA135: =IF(BD135<>1,"",(AQ135+AT135+AV135)-(AX135+AZ135+AY135)) | BB135: =IF(BD135<>1,"",IF(BA135-CONTROL_PANEL!$B$11<0,0,BA135-CONTROL_PANEL!$B$11)) | BC135: =IF(BD135<>1,"",IF(AZ135<=0,0,MIN(AZ135,MAX(0,CONTROL_PANEL!$B$13-BA135)))) | BF135: =BF123+1 -> 2026 | BG135: =BG123 -> 8 | BH135: =IF(BW135<>1,"",DAY(DATE(BF135,BG135+1,))) | BI135: =IF(BW134<>1,"",235+((BJ135/1000/2)^(1/3.02))) | BJ135: =IF(BW134<>1,"",IF(BT134>0,IF(BT134>CONTROL_PANEL!$B$11,CONTROL_PANEL!$B$11,BT134),0)) | BK135: =IF(BW135<>1,"",0.6*(BI135-235)^2.02*10000) | BL135: =IF(BW135<>1,"",DATA_INPUT!$I135) | BM135: =IF(BW135<>1,"",BL135*CONTROL_PANEL!$B$5) | BN135: =IF(BW135<>1,"",DATA_INPUT!$C135) | BO135: =IF(BW135<>1,"",(BN135*BK135)/1000) | BP135: =IF(BW135<>1,"",DATA_INPUT!$H135) | BQ135: =IF(BW135<>1,"",((BP135*BK135)/1000)) | BR135: =IF(BW135<>1,"",BM135*CONTROL_PANEL!$B$14) | BS135: =IF(BW135<>1,"",DATA_INPUT!$N135) | BT135: =IF(BW135<>1,"",(BJ135+BM135+BO135)-(BQ135+BS135+BR135)) | BU135: =IF(BW135<>1,"",IF(BT135-CONTROL_PANEL!$B$11<0,0,BT135-CONTROL_PANEL!$B$11)) | BV135: =IF(BW135<>1,"",IF(BS135<=0,0,MIN(BS135,MAX(0,CONTROL_PANEL!$B$13-BT135)))) | BY135: =BY123+1 -> 2026 | BZ135: =BZ123 -> 8 | CA135: =IF(CP135<>1,"",DAY(DATE(BY135,BZ135+1,))) | CB135: =IF(CP134<>1,"",235+((CC135/1000/2)^(1/3.02))) | CC135: =IF(CP134<>1,"",IF(CM134>0,IF(CM134>CONTROL_PANEL!$B$11,CONTROL_PANEL!$B$11,CM134),0)) | CD135: =IF(CP135<>1,"",0.6*(CB135-235)^2.02*10000) | CE135: =IF(CP135<>1,"",DATA_INPUT!$I135) | CF135: =IF(CP135<>1,"",CE135*CONTROL_PANEL!$B$5) | CG135: =IF(CP135<>1,"",DATA_INPUT!$C135) | CH135: =IF(CP135<>1,"",(CG135*CD135)/1000) | CI135: =IF(CP135<>1,"",DATA_INPUT!$H135) | CJ135: =IF(CP135<>1,"",((CI135*CD135)/1000)) | CK135: =IF(CP135<>1,"",CF135*CONTROL_PANEL!$B$14) | CL135: =IF(CP135<>1,"",DATA_INPUT!$O135) | CM135: =IF(CP135<>1,"",(CC135+CF135+CH135)-(CJ135+CL135+CK135)) | CN135: =IF(CP135<>1,"",IF(CM135-CONTROL_PANEL!$B$11<0,0,CM135-CONTROL_PANEL!$B$11)) | CO135: =IF(CP135<>1,"",IF(CL135<=0,0,MIN(CL135,MAX(0,CONTROL_PANEL!$B$13-CM135))))
A136: =A124+1 -> 2026 | B136: =B124 -> 9 | C136: =IF(R136<>1,"",DAY(DATE(A136,B136+1,))) | D136: =IF(R135<>1,"",235+((E136/1000/2)^(1/3.02))) | E136: =IF(R135<>1,"",IF(O135>0,IF(O135>CONTROL_PANEL!$B$11,CONTROL_PANEL!$B$11,O135),0)) | F136: =IF(R136<>1,"",0.6*(D136-235)^2.02*10000) | G136: =IF(R136<>1,"",DATA_INPUT!I136) | H136: =IF(R136<>1,"",G136*CONTROL_PANEL!$B$5) | I136: =IF(R136<>1,"",DATA_INPUT!C136) | J136: =IF(R136<>1,"",(I136*F136)/1000) | K136: =IF(R136<>1,"",DATA_INPUT!H136) | L136: =IF(R136<>1,"",((K136*F136)/1000)) | M136: =IF(R136<>1,"",H136*CONTROL_PANEL!$B$14) | N136: =IF(R136<>1,"",DATA_INPUT!K136) | O136: =IF(R136<>1,"",(E136+H136+J136)-(L136+N136+M136)) | P136: =IF(R136<>1,"",IF(O136-CONTROL_PANEL!$B$11<0,0,O136-CONTROL_PANEL!$B$11)) | Q136: =IF(R136<>1,"",IF(N136<=0,0,MIN(N136,MAX(0,CONTROL_PANEL!$B$13-O136)))) | T136: =T124+1 -> 2026 | U136: =U124 -> 9 | V136: =IF(AK136<>1,"",DAY(DATE(T136,U136+1,))) | W136: =IF(AK135<>1,"",235+((X136/1000/2)^(1/3.02))) | X136: =IF(AK135<>1,"",IF(AH135>0,IF(AH135>CONTROL_PANEL!$B$11,CONTROL_PANEL!$B$11,AH135),0)) | Y136: =IF(AK136<>1,"",0.6*(W136-235)^2.02*10000) | Z136: =IF(AK136<>1,"",DATA_INPUT!I136) | AA136: =IF(AK136<>1,"",Z136*CONTROL_PANEL!$B$5) | AB136: =IF(AK136<>1,"",DATA_INPUT!$C136) | AC136: =IF(AK136<>1,"",(AB136*Y136)/1000) | AD136: =IF(AK136<>1,"",DATA_INPUT!$H136) | AE136: =IF(AK136<>1,"",((AD136*Y136)/1000)) | AF136: =IF(AK136<>1,"",AA136*CONTROL_PANEL!$B$14) | AG136: =IF(AK136<>1,"",DATA_INPUT!$L136) | AH136: =IF(AK136<>1,"",(X136+AA136+AC136)-(AE136+AG136+AF136)) | AI136: =IF(AK136<>1,"",IF(AH136-CONTROL_PANEL!$B$11<0,0,AH136-CONTROL_PANEL!$B$11)) | AJ136: =IF(AK136<>1,"",IF(AG136<=0,0,MIN(AG136,MAX(0,CONTROL_PANEL!$B$13-AH136)))) | AM136: =AM124+1 -> 2026 | AN136: =AN124 -> 9 | AO136: =IF(BD136<>1,"",DAY(DATE(AM136,AN136+1,))) | AP136: =IF(BD135<>1,"",235+((AQ136/1000/2)^(1/3.02))) | AQ136: =IF(BD135<>1,"",IF(BA135>0,IF(BA135>CONTROL_PANEL!$B$11,CONTROL_PANEL!$B$11,BA135),0)) | AR136: =IF(BD136<>1,"",0.6*(AP136-235)^2.02*10000) | AS136: =IF(BD136<>1,"",DATA_INPUT!$I136) | AT136: =IF(BD136<>1,"",AS136*CONTROL_PANEL!$B$5) | AU136: =IF(BD136<>1,"",DATA_INPUT!$C136) | AV136: =IF(BD136<>1,"",(AU136*AR136)/1000) | AW136: =IF(BD136<>1,"",DATA_INPUT!$H136) | AX136: =IF(BD136<>1,"",((AW136*AR136)/1000)) | AY136: =IF(BD136<>1,"",AT136*CONTROL_PANEL!$B$14) | AZ136: =IF(BD136<>1,"",DATA_INPUT!$M136) | BA136: =IF(BD136<>1,"",(AQ136+AT136+AV136)-(AX136+AZ136+AY136)) | BB136: =IF(BD136<>1,"",IF(BA136-CONTROL_PANEL!$B$11<0,0,BA136-CONTROL_PANEL!$B$11)) | BC136: =IF(BD136<>1,"",IF(AZ136<=0,0,MIN(AZ136,MAX(0,CONTROL_PANEL!$B$13-BA136)))) | BF136: =BF124+1 -> 2026 | BG136: =BG124 -> 9 | BH136: =IF(BW136<>1,"",DAY(DATE(BF136,BG136+1,))) | BI136: =IF(BW135<>1,"",235+((BJ136/1000/2)^(1/3.02))) | BJ136: =IF(BW135<>1,"",IF(BT135>0,IF(BT135>CONTROL_PANEL!$B$11,CONTROL_PANEL!$B$11,BT135),0)) | BK136: =IF(BW136<>1,"",0.6*(BI136-235)^2.02*10000) | BL136: =IF(BW136<>1,"",DATA_INPUT!$I136) | BM136: =IF(BW136<>1,"",BL136*CONTROL_PANEL!$B$5) | BN136: =IF(BW136<>1,"",DATA_INPUT!$C136) | BO136: =IF(BW136<>1,"",(BN136*BK136)/1000) | BP136: =IF(BW136<>1,"",DATA_INPUT!$H136) | BQ136: =IF(BW136<>1,"",((BP136*BK136)/1000)) | BR136: =IF(BW136<>1,"",BM136*CONTROL_PANEL!$B$14) | BS136: =IF(BW136<>1,"",DATA_INPUT!$N136) | BT136: =IF(BW136<>1,"",(BJ136+BM136+BO136)-(BQ136+BS136+BR136)) | BU136: =IF(BW136<>1,"",IF(BT136-CONTROL_PANEL!$B$11<0,0,BT136-CONTROL_PANEL!$B$11)) | BV136: =IF(BW136<>1,"",IF(BS136<=0,0,MIN(BS136,MAX(0,CONTROL_PANEL!$B$13-BT136)))) | BY136: =BY124+1 -> 2026 | BZ136: =BZ124 -> 9 | CA136: =IF(CP136<>1,"",DAY(DATE(BY136,BZ136+1,))) | CB136: =IF(CP135<>1,"",235+((CC136/1000/2)^(1/3.02))) | CC136: =IF(CP135<>1,"",IF(CM135>0,IF(CM135>CONTROL_PANEL!$B$11,CONTROL_PANEL!$B$11,CM135),0)) | CD136: =IF(CP136<>1,"",0.6*(CB136-235)^2.02*10000) | CE136: =IF(CP136<>1,"",DATA_INPUT!$I136) | CF136: =IF(CP136<>1,"",CE136*CONTROL_PANEL!$B$5) | CG136: =IF(CP136<>1,"",DATA_INPUT!$C136) | CH136: =IF(CP136<>1,"",(CG136*CD136)/1000) | CI136: =IF(CP136<>1,"",DATA_INPUT!$H136) | CJ136: =IF(CP136<>1,"",((CI136*CD136)/1000)) | CK136: =IF(CP136<>1,"",CF136*CONTROL_PANEL!$B$14) | CL136: =IF(CP136<>1,"",DATA_INPUT!$O136) | CM136: =IF(CP136<>1,"",(CC136+CF136+CH136)-(CJ136+CL136+CK136)) | CN136: =IF(CP136<>1,"",IF(CM136-CONTROL_PANEL!$B$11<0,0,CM136-CONTROL_PANEL!$B$11)) | CO136: =IF(CP136<>1,"",IF(CL136<=0,0,MIN(CL136,MAX(0,CONTROL_PANEL!$B$13-CM136))))
